iter,txx,tyy,txy,likelihood
2,0.18899639114845,0.8698692973101726,-0.0628999303133039,0.41335382771181195
5,0.06825103363620155,0.6339691071564266,0.0013618580812321244,0.5142453149421737
57,0.9772388280180795,2.0882282279277544,0.24707062779916064,0.17681025064892025
63,0.3712028840117653,2.070133161647519,0.7657611347109688,0.9613594342869048
115,0.7427781894334069,1.0376991937406148,0.06255589304827688,0.02210177797220721
117,0.9190380945964512,1.5506559868306389,-0.042024999581752084,0.05836658905115066
125,0.35739349634823697,1.6458118562138122,-0.22701392373416437,0.382969892918203
133,0.19101087247541432,1.1128365751893114,-0.14341476279762594,0.4526587657074236
161,0.028891496629253118,1.1928881783510148,0.09869171566489379,0.8242023793407458
234,0.09823683500470794,0.679911380930721,0.032849376842031056,0.5551386254011701
248,0.06740470848800184,0.4935207139286462,-0.06735490865802377,0.3334846453624745
259,1.075627670599856,1.746690857160633,0.7598532998685432,0.020223511824954334
273,0.06281356935738064,0.1354791749300015,-0.0034645970648526066,0.19697798769920058
285,0.2004819575221077,0.8702428596112756,-0.14313781847656326,0.30329384334435994
288,0.4069638495008829,1.2076143858320716,0.1635167751873396,0.45391062095313894
295,0.29356267051609597,1.988433078466172,0.6970822978532858,0.933485248750277
305,0.6346980795893937,2.037582956628516,-0.7715303709724041,0.12766258343287748
323,1.158746180196747,2.1577559927832253,0.18841015804639488,0.10035164932524879
325,0.4735189818788431,1.4405605297299278,0.009802231563644603,0.360775034861442
331,0.3682249426457063,0.9678318212151914,0.29054251193628533,0.27137377365857374
340,0.06390275490538537,0.7420788832174406,-0.1438925521094772,0.38571844188164023
352,0.2525030954056523,1.1169077508869583,0.07756228220380347,0.6345554214395521
374,1.1664251839706345,1.8500067494146029,0.39311742375112024,0.046405538235382696
377,0.8805815642100252,2.1508660680396927,0.5734896449352068,0.26349157211355106
400,0.06442052749378001,0.35922400962542667,-0.041737373297603284,0.2927512865167486
416,0.18412868010210495,1.6286220377374425,0.15809374763934808,0.8431748115411258
419,0.7728769179284167,1.44558945136418,0.3470154640194307,0.10913692973202564
430,0.4699983031594326,1.892467970280621,-0.013724506074178848,0.48237497932638324
445,0.07071483498490655,2.2188908126411233,-0.0279188636021053,0.767762787650077
448,0.28084812021035593,1.3314519570341528,0.1762370435399606,0.7496293887517148
487,0.34335327609928873,2.1225858172240923,0.5122211071734596,0.9897924256893939
503,0.1669177674176396,0.4350164773589701,0.015040622159208981,0.21769037905060282
534,0.025520138152481955,0.7859439978289725,-0.09955382068275778,0.499415788819873
561,0.02332110517614909,0.10474831741746748,0.001491643459111625,0.19486257906011267
608,0.12591320857576965,0.7703771686167145,0.23170195195621995,0.6858355954607752
633,0.6024833171364726,1.651234414341218,-0.014905547030896844,0.2792046924799684
635,0.11876431101174154,2.1155293372258823,-0.014349770639872658,0.7578169613632455
645,0.20569448781694175,0.6851563279159363,0.07741094131062416,0.42206716766624286
661,0.5554051182367941,1.2624550302148803,-0.3504287879537926,0.08591755705192844
686,0.25394830336189345,2.111711926668011,0.6133893786960603,0.9872204848442427
695,0.5749249637292423,0.8830508753742292,-0.12537959515543212,0.02881636640766131
707,0.11405832754227418,0.6562136343438255,-0.015960468302948713,0.4590174755345083
708,0.01071018347995728,0.7077050444206173,0.07792596244926953,0.6541525964174018
712,0.44222075232632,2.17964548280305,0.039462785583309706,0.597294174550542
723,0.18402929766655063,1.6281316596255249,0.1344303973918562,0.8267635555884794
733,0.36117554408867997,1.9804955891226512,0.2516325636321638,0.8068620560599875
740,0.17139062995270327,0.5707079621830078,0.11225090791838269,0.4677979003400973
756,0.3129818913952963,0.7373567106681385,0.03957453992611447,0.20010003636476884
766,0.4541342863373369,2.2778778394507415,-0.475665491114572,0.3190653678571685
780,0.1950123823676299,0.9669838605535056,0.19117445876856975,0.7752633735046414
783,1.6146135801062607,2.3848433571030614,-0.15243020595081522,0.026093530162620834
791,0.09826955995207955,0.3809169069330908,0.12958732433151732,0.3734144328617035
815,0.844951024905726,2.1371182603120333,-0.6769582796593996,0.10026151187069622
832,1.7215055209288546,2.1602299171295414,0.16413560079524322,0.010086937152596521
849,0.224742262499921,0.9310060870008935,0.14203042316096043,0.6548378461747681
864,0.01293596554840137,0.14770552435616532,-0.017790517227091122,0.2797078841123371
884,0.1574417310637563,0.76927264002555,0.1476047112317574,0.6829691398732295
891,0.6199702666441547,1.9637754273922652,-0.7780597072197654,0.12020717206293537
911,0.3946197128397986,2.378351119539541,-0.28672767724290127,0.46044050752060167
938,0.2805346669903499,0.5742361899017931,0.09030090826336241,0.1240323335772315
964,0.24156998547702255,0.6700760265157043,-0.04063580466648878,0.21681621584012667
968,0.6283714014797989,0.947290180433007,-0.7396924351361434,0.013668337849289166
1000,0.478667475120588,2.1376258903571856,-0.02874152222669959,0.5133359400849636
1006,0.12721787941985618,0.3259031166858695,0.0710376959830864,0.3242875570153166
1062,0.1306246940981355,1.7315741971265632,-0.015352922301187484,0.7397317619724468
1067,0.4111775101702892,1.6897270185576336,-0.4481733235914194,0.23899344387021487
1080,0.009272658661349348,0.49506400378345755,-0.023828448140732778,0.4576836964489173
1081,0.5840100374964866,2.447008445793254,-0.03682294674968217,0.4777059954351623
1091,0.15641501369183736,1.8939829222554172,0.3293602172060785,0.934729071656968
1108,0.840174186639331,2.4829230335727366,-0.07677477361743593,0.28268717328143345
1111,0.33451300271983203,1.0998467413802118,-0.021908491177835915,0.3830982339979619
1115,0.2522195168569482,1.4213106892966612,0.298315954869275,0.9038728337184162
1127,0.35953571156169073,1.2354485791599037,0.07010176235062139,0.4887738338901988
1136,0.571830185630081,1.7927939618372764,0.29705840536846045,0.5074172528993667
1160,0.017096941441887226,0.2976436223121383,0.024332450514019863,0.42329458026746375
1164,0.4419157770078631,2.1954554556346535,0.6535159733601577,0.9792161662349708
1174,0.4398663939710552,1.0626041878573529,0.26877543596242326,0.2635827793034802
1185,0.020722898143022833,1.7252491426325884,0.14584414341385737,0.8703948517685356
1192,0.34724904880885366,1.3283349427536957,0.5214807136358531,0.3467659048352577
1194,0.0772503650747198,0.1951532075723227,-0.019794133333571315,0.19319262428308498
1209,0.04088923341254262,0.42988821887602663,0.07990824341591576,0.5069675115219487
1213,0.7277997728353418,2.183188830909968,0.33698972430347285,0.4449066775800672
1248,1.3225142440171518,1.1730768649125607,0.09897161807377848,0.0005753809860833561
1264,0.6553357202412142,1.742904251111728,0.3271850692177707,0.3678744237749445
1274,0.43490761492601854,1.7222428779074912,0.38597659770907333,0.7484337542094329
1291,0.09367599562023113,1.0350627104160153,0.16294757124643405,0.8169633028342265
1300,0.11328626472810407,0.1881592893868458,0.05333377029905162,0.06347446173901027
1307,0.46898307101015346,1.6294699908416002,0.5039915690399821,0.5888229096667406
1315,0.3460228620593427,1.905904280773951,-0.6447190558957435,0.23936616000545416
1345,0.1005224235978668,0.8781642118015048,0.18008262388558408,0.7589570449303151
1354,0.367081752803487,0.765231136280554,0.06115827525378149,0.14443176854805448
1360,0.5323210020824538,1.4642510789247454,-0.11911778880620266,0.2356957884227304
1373,0.06417675464443161,0.48576273526117875,0.1194446424721577,0.5315021190217626
1378,0.8856869268948607,1.4585013500038102,0.35585710286805744,0.056828468149583845
1412,0.27278467395299666,2.0473412751157554,0.23398437654119622,0.8603995837073898
1416,0.4169853391634789,2.050898214183021,0.14904351169361327,0.6778915106042134
1422,0.6174959988909289,1.7682090850378247,0.16363309162598713,0.3776327838744665
1437,0.10439266122889308,0.2227972793626893,0.015721919008037787,0.21325363971174477
1475,0.1565556190928657,2.158226268935891,-0.07072176804423658,0.7081480395966853
1504,0.017647163818951164,0.11863466235718409,-0.02541331576873766,0.20760665075128232
1511,0.18204376882226164,1.3035567186499353,-0.003111798096619767,0.6736673061114363
1586,0.5596418205473096,1.980936028273106,0.6307569794990214,0.5904074683742299
1590,0.04257479085688748,0.7938026631188108,0.1352405663878118,0.7106991195998721
1608,0.02366424744641484,0.4567184334761515,0.07957757210902403,0.5190814234085392
1617,0.19660591617309814,1.3358547755074481,0.2956319252742157,0.9152218371373302
1625,0.11396683259384253,0.4789126137725636,-0.1935650093775649,0.13548677006574852
1655,0.04086056657660287,0.595004060135905,-0.061814853157331026,0.43561874917604
1661,0.09608495210676792,0.25378062722423783,0.010500602968404802,0.2737458527550488
1662,0.0365809399969646,0.226967231829399,0.0262201240151913,0.37543714724256605
1674,1.702963821573287,1.7410525157786207,0.11320476132267039,0.002118826261572154
1696,0.10971521564935213,1.4431849358303614,0.2764780030834388,0.9098135644507197
1711,0.5183584359707963,1.3469978502640567,-0.1507791617854325,0.1938950691803689
1715,0.3074426415587036,1.3295900034638253,0.40942585896936046,0.8618518942383551
1730,0.22960775341420755,1.07089725830579,0.3053270695102463,0.8500653698050921
1737,0.027895274103052314,0.3087220402547442,-0.04756072214757252,0.30112090266118896
1747,0.45278934717431724,1.7088221261620935,0.31632558795211235,0.6795926390540706
1754,0.7693521086958154,1.2420041824953314,0.394251643975224,0.04019715939026562
1770,0.4266383689560485,0.9184787502214253,0.052278336424876816,0.17076131413506823
1781,0.26956790524683777,0.9079134214925306,-0.08653248584797635,0.28784510232853044
1802,0.39127289118569286,1.1465304330598303,0.23827436925803436,0.4640916029861262
1822,0.42086068065367527,2.078322153535286,0.006268921668154125,0.5778551480194204
1828,0.3553321843021178,1.0994247525031602,0.24574464935338416,0.5086561414608951
1836,0.8685706032499995,1.5557511819394187,0.21231991306191889,0.09431038981792696
1854,0.8454451369459282,2.017371097949876,0.4858649875132498,0.25811237182473834
1865,0.42381461889533517,1.9489684475110618,0.6265133296217746,0.9273538073541392
1869,0.06619799957580598,0.6948587459455944,0.2074015643447852,0.5919065629533353
1885,0.2670732371495674,1.0366413773058756,0.29603391041475835,0.7229483654065424
1930,0.7210197426386563,1.1553796754913248,-0.001165077464546644,0.04758103555286
1934,0.763461597271572,2.072559130536771,0.44071464928022736,0.3772455178541434
1936,0.09695702780894414,0.32336781534937126,-0.13108607309166512,0.10009019664378052
1947,0.06134819339893648,0.8430539586589771,0.1933953663405959,0.726940255467052
1957,0.5343819178876322,1.6692728785632591,0.5637487520214994,0.38750739488915004
1982,0.2550065277178954,0.9754722245865552,0.10702269392032475,0.5854899518317064
1996,0.15424315133647962,1.2415584292616568,0.32223530525729294,0.8929005287952367
2005,0.07183478629030794,0.432008747440097,0.05330776910259707,0.4905261503240804
2023,0.10763704469908664,0.3168001825022487,0.037868598828897745,0.3529411666198822
2033,0.08101521233121638,1.7751639713223253,-0.313386966988959,0.541528078910224
2035,0.28117193431730864,1.6199159434494288,0.41351383967920163,0.9644097500385654
2050,0.08883397347994275,0.6130371079605678,0.04878503935053745,0.5483705166682767
2077,0.42187867638522364,1.606159206263616,0.04239236981595396,0.5039329411522122
2105,0.30841469270898514,1.2164638405467951,0.35887218694545736,0.7599019775732255
2107,0.14085818621144516,0.9157522594167994,-0.3014096854551502,0.2609584785032505
2122,0.03782881521902952,0.7387391699608915,0.15866669369571923,0.6713354618979028
2160,0.0662317610165509,0.2597503244675768,-0.06020482496466962,0.18198944827275368
2221,1.3685651698104961,2.0868544289052235,0.5922963711840028,0.02895137865666366
2225,0.9230003030329988,1.7145626407612264,-0.5624364506858824,0.045532858564477564
2226,0.9249859042994694,0.5982132519475454,-0.4933703154568046,0.0005064063147117972
2240,1.2694203084054199,2.1512111032253216,-0.5024976722163965,0.03938036979092711
2253,0.5998031993746719,1.797575501258494,0.030006037997117666,0.3477631033755417
2301,0.3655279372737684,0.9806806034317141,0.0333144988183678,0.30617054625800433
2329,0.08589633230045272,0.42081621794595375,-0.009853330903990978,0.3581978809528097
2374,0.017408613868847848,0.15011394716953372,0.004423335829945476,0.2972210202404892
2386,0.22314475334566455,1.5706617748767076,0.44786634974120404,0.9556740985672859
2403,0.29628136988126486,0.966605014332883,0.2624903109726451,0.5283628077322338
2404,0.3955924519973687,1.7715337556768824,-0.15401538279146443,0.4294994498094735
2405,0.1565177072972711,0.4667924199638955,0.059934510358127094,0.34833666979261335
2413,1.0130300986728784,2.4412443205993566,-0.22173221564496085,0.1564522858350821
2423,0.48793788746375816,1.0771570540840418,-0.13569837085060482,0.12284246076889593
2453,0.11487241994473887,1.7749345655729474,0.28532480024438245,0.919364368039114
2461,0.2246332212750417,0.8634180338197831,-0.4342907633922222,0.10728781027307407
2469,0.10515405006718487,1.0760795134217465,0.012287485542989094,0.7171093282328035
2476,0.20883967129146924,0.47256997717700644,0.03205929242608097,0.1617800649511147
2480,0.3531724976454073,0.3803282630364566,0.07258216936340033,0.0021227610607809895
2507,0.132209300151299,0.30179365764105753,-0.0424599023837514,0.11422674323285191
2526,0.10496511548800046,0.34514579153649977,0.057672605156813744,0.42111826167383
2606,0.5633151059556254,1.574943169933817,0.014727002172631566,0.3059601545859442
2640,0.08424891938202209,0.8636908621555021,0.03566822213303405,0.670143311614691
2644,1.0596239444153286,1.753387077591466,0.1727323437225005,0.06132497716138378
2648,0.2725609436422905,2.00084563523278,0.7259285344544147,0.8654841886212807
2655,0.10344568134533466,2.178971177360153,0.16150307141141057,0.8647549014302106
2657,1.4321107724762385,1.9652476141593527,-0.47202756582363364,0.015948474842501403
2672,0.03493037757896468,0.6004394518378307,0.02136621906016158,0.5471559972630559
2680,0.19303570903025735,0.5298798304122132,0.0626329293643977,0.2874672518775245
2686,0.04582866413778481,0.37014229000277504,0.030432914528190243,0.45323363204161526
2703,0.6160862294630552,1.0883552530784188,-0.01079493238497134,0.07181747333958811
2729,0.839545676411492,1.4635140963062143,-0.02324610069539281,0.06886478814047652
2793,0.6781283192485711,1.3597230220756846,-0.10557836787150879,0.10434777808767977
2810,0.0053307884706081735,0.8172473085795868,-0.010550476901117068,0.6429543323707082
2841,0.45941548007068866,0.9593825345769444,0.20876767307820648,0.16792438578764493
2852,1.62360558316324,2.18968547851165,0.22826235902980757,0.01655550528485656
2861,0.20272428739710568,0.5039672956785601,0.010271518199788767,0.18650589638160764
2865,0.31297177256508624,1.7402780034860257,-0.03756509153052143,0.5882976493237282
2878,0.016210532489949997,0.2200203692289461,-0.03039755300927218,0.3068467287302212
2883,0.1411039691716765,0.5746497024111523,-0.1933940295127078,0.16958235535107283
2901,0.07226064793219197,1.385792303706676,-0.007552173334489669,0.746528089288927
2913,0.10467549741351696,1.561437994390549,-0.3151557804762449,0.49141641914110784
2932,0.037822733190370716,1.3800062678185487,0.07399824413318025,0.8165583406474637
2944,0.04029799645158504,0.2696108602476684,-0.016975215024215312,0.3316055619395326
2945,0.022648881404086007,1.5172792842182619,-0.029569107270668544,0.7587765862055881
2958,0.40358361162870815,1.6581926400468632,0.2574940744164421,0.7085324302805205
2978,0.16574933225143001,1.0131075887710839,0.2427543456336849,0.8319150688567694
2993,0.7046687134489084,1.8276677186754002,0.02918646279332558,0.2596253814997459
3050,1.2518051018880345,2.37999305066849,0.3459240967969063,0.11166531233280197
3088,0.2119826498551872,1.8055481933371322,0.26800120131075866,0.9049480611546071
3143,0.03594598131252426,1.6835186586429234,0.19828540610771678,0.890085055209502
3217,0.29181028821407473,1.553443312140834,0.1849882078587036,0.7826087150259998
3231,0.21720566480232156,1.3419196401549118,-0.02487716409039026,0.6256634917436016
3299,0.46387565462740016,1.999899362223915,0.5947424593303507,0.8592606818933806
3300,0.2239470755835384,1.6039032644117175,-0.08785499265125417,0.6033710638059095
3307,0.13242113769514657,2.254434688207312,0.4064518186878663,0.9571880682607148
3320,1.553401050269221,2.2841972304199243,-0.02389819200574753,0.027027351532561195
3329,0.03565192240129988,0.2055058596784035,-0.01080573449569638,0.31324795677328265
3338,0.3072133009807153,1.5297900332275856,-0.04979426387450173,0.5410087668288107
3341,0.24555747975368397,1.0301325121255611,0.3636458352702335,0.7374629935298522
3358,0.06915216518388337,0.6005756131773023,-0.1958210792475417,0.2563601087508839
3361,0.7698056619926112,0.8604489568012066,-0.004929317522498828,0.004490515050152339
3375,0.4435356380261337,1.7082725105263554,0.24594362785422422,0.6548555309409023
3390,0.3670740811243767,0.8830660457063305,0.22495506405516108,0.2361972377923772
3409,0.32205050643747773,1.6729915821831434,0.49765644091835926,0.9793768733017886
3412,0.2476320390585854,0.45305638497491346,-0.07303522037425489,0.05178458513530425
3425,0.1968104639587622,2.3658597428535986,-0.04330332942582519,0.7175695053340282
3436,0.07702704233754469,1.1363130456742856,0.23907362129722845,0.8540447779533659
3440,0.2828086192431856,1.8203067206093277,-0.1758529513424684,0.5197342779055576
3470,1.0348523777151686,1.9058300767993006,0.2754851100599024,0.10203705317585705
3476,0.2936939063138847,0.4880196500878466,0.01503858657951519,0.046013865861021415
3482,0.36331115114584095,1.7510577741247133,0.342516430414544,0.8458324942405138
3502,0.3660612997264446,1.4784406443385114,0.07968391678669356,0.5735811226970601
3507,0.09938020616301677,0.7319845757926458,0.1834985690218425,0.6837042542170443
3512,0.43261562799878456,2.433574380999513,0.18067714096489085,0.7281934538419728
3538,0.20447973901289632,0.7578104800023846,0.0029729115470834558,0.39662193660830775
3549,0.11772121965118026,0.7153621345902629,0.15961200108932813,0.6812714562379931
3551,0.14880157384943501,1.927350744307092,-0.20245343444757913,0.6034487336831065
3563,0.08600644000894449,1.7203104315627833,0.19079053602549625,0.8824479514780496
3573,0.013463817908514482,0.9438502347744224,-0.004266152545912363,0.7104143216297037
3582,0.16454424834991535,1.194898057644391,0.3574023854209414,0.8592377300053601
3592,0.048350307422195364,1.353490101260031,-0.05441640367855339,0.7144287904529496
3597,0.02335462879384404,0.5883740754705085,-0.09852609842227268,0.40320111286678545
3606,1.1877795705083822,1.9305510883673938,0.13169940466043872,0.05399712016123553
3621,0.13001423850568442,0.9490096715463419,-0.2199834550395607,0.3531152046173297
3634,0.2863483471909996,1.320225724646411,0.30037547393502784,0.8474394133578911
3635,0.1558542121042337,0.46415206382048924,0.14554288275578772,0.36744884707909087
3640,0.07042863097277782,0.869313684947455,0.02365024724915538,0.668856066141296
3675,0.8003308501753826,1.7932230365831456,0.09747683936035656,0.1930666706962418
3680,0.6847490412943302,2.0938526224457528,-0.1190836494470994,0.2911667095005517
3682,0.43813051032753936,2.3550656157170287,-0.38169993377080397,0.3820450495325801
3705,0.3106180297276007,1.4827427627373555,-0.1278314413505797,0.4568419701961769
3722,1.4355546393383847,2.3986883556413634,0.014163752545279918,0.05275063972902064
3724,0.8502357283565146,1.3937352909702376,0.8317975970086876,0.010215929575198783
3734,0.6779056536394996,1.49326328574699,0.12062030202934057,0.19856960532235962
3789,0.889660842497711,1.6368424105390322,-0.47348569274625263,0.047240117720265797
3794,0.14983969814458684,1.1425286781645543,0.05324886497215431,0.7398360145804725
3829,0.3385133062020743,1.880383275633859,-0.1672921716998063,0.492881550923728
3831,0.8865532084595102,1.5527564684823423,-1.058021378977458,0.0241195265480679
3845,0.06401420988387453,1.2253862442815373,-0.11659352732418699,0.6290728261499885
3886,0.005002660857351701,0.0523118002749552,-0.012962258546560496,0.06194315158439593
3920,0.1636776916114548,0.4319561083737111,0.03165831699617905,0.24692638564738584
3928,0.019703256502849896,0.8779127381589059,0.08260788355718174,0.733505116061551
3966,0.3072510961004029,1.1745504539409188,-0.35180966258449625,0.20026383288499475
4032,0.16645873689961319,0.5517277786554368,0.20523231789503216,0.2669334270694082
4051,0.6495320032997535,1.1453213222636338,-0.07055966057121794,0.06864640433285478
4053,0.12294553391089005,0.3795810639193282,0.08955841584275122,0.4296806708077611
4103,0.10614260425793032,0.1668320532503961,-0.023781870603793744,0.05945148134377451
4105,0.40655085340252595,1.4722517206441046,0.3460817526773355,0.6749236885737803
4126,0.06636654409338394,0.9452747296316408,-0.04901427194437127,0.6458315029395237
4138,0.29789769465928384,2.3969592822375025,0.044132427940797025,0.7265167527021822
4158,0.20911986926796486,0.9497242338277583,-0.1898837771155892,0.297047409194741
4164,0.24821281645751908,1.8178668686614812,0.569128029222046,0.9610003768291087
4206,0.08092577682589518,2.3529199425472602,0.20428627798542462,0.8849441242135365
4298,0.48504276719039596,1.8239482007214136,0.5588076635345769,0.692715694083611
4305,0.7738180437045589,1.3542741269225531,0.11267795391815041,0.08455686595565136
4326,0.24715533904679216,1.4273675124613872,0.01601821609203578,0.6527521990548197
4347,0.132519294564208,0.7763501265539691,-0.13515607945654007,0.3404633733441372
4364,0.09956990307328699,0.9811372751198573,0.22454893310731236,0.802221034495102
4376,0.7564417221349211,1.80736318580132,0.42095367957561447,0.2678983720020653
4477,0.020550571372076033,1.8157107544081608,-0.00554327410750277,0.7880661612326096
4478,0.15637684515158817,0.6254080637828279,0.1477270850145617,0.6058971287839385
4496,0.15551724850870377,1.1124231366564454,0.3379087332386163,0.8260351287779599
4555,0.4809496957272338,1.7695283136939108,-0.9182938452488548,0.10735294619829433
4566,0.6067784069127361,1.2662513417851655,0.16481883987278897,0.18265601934410747
4575,0.1551608491681933,0.4975082061099809,0.025246978051435734,0.3195988872421674
4608,0.4494722853503381,2.1796337104567125,-0.0863371150807132,0.5094402533009935
4618,0.6875752410706156,2.16206943382663,0.3231655953077623,0.4828480042859808
4630,0.13813926605542548,0.9805693695715543,0.2993682517227065,0.7701258160355791
4637,1.0052446995606759,2.062109931830733,0.13258343092292096,0.1430109029967373
4661,0.5720338618505272,1.5640266258598063,0.09688451411661603,0.3305804991954547
4691,0.08066338104542195,1.532007868525624,0.21398301657936247,0.8906716111635404
4693,0.007376606622213177,0.3245325973548875,0.005705769232820159,0.42682366398651395
4696,0.16662500762386837,1.9779554048436156,-0.10745843975637384,0.6660629245625862
4707,0.11334998725889635,0.4215705278347753,-0.02140576519410038,0.2834674775976896
4714,0.375838011907002,0.8459137737350862,0.15822852336266346,0.21115920241515584
4806,0.3761652237366026,0.9199769654507292,0.017805963452828148,0.22043518484635324
4807,1.1442575716469856,0.9910466870918525,-0.18252559521368944,0.0008721351515187912
4821,0.270679923657211,0.8502120818042448,0.10081781989195805,0.4369431492765069
4837,0.10725222767955224,0.2994761229850568,0.055385328790903195,0.3663374391682374
4847,0.21326253197542575,0.7902001028188789,0.15611292392266957,0.5850067087343124
4887,1.0859669072954168,1.8233341402009307,-0.4872504040885447,0.0362262803155356
4924,0.08853464774841051,0.728843077659651,-0.06879020452451776,0.4561415540459602
4943,0.15666420253947408,1.9924347601504298,0.4783939021174745,0.9660626966494854
4956,0.06136539278068641,0.13425849680551144,-0.020125968578129073,0.14990384799634923
4989,0.2379159968697786,2.1745533147492297,0.5138277357496445,0.9844991877514468
4990,0.36521880440693494,0.6710754501392934,0.0961812643950711,0.07910700467669506
5000,0.21161537038322112,0.7055722558470167,0.10459828079073548,0.45484867304563925
5005,0.10016301173941146,1.983145105488931,-0.3504460457914674,0.5364277943408072
5008,0.036312972090168885,0.06881491909197776,-0.011341677989189223,0.052236474714483984
5013,1.5480130065001996,2.2712709127259942,0.042147755458526025,0.027314772736680717
5026,0.11276749970060608,0.6820612279668438,-0.0875197043107871,0.37640473050096623
5056,0.058220397309976,0.944569217159398,0.08069597740400496,0.7528187656005678
5074,0.5536121605269928,2.0217145010801563,-0.39203129770551864,0.2521537529498123
5082,0.6560635581532186,1.2989846754383967,-0.06658434703442637,0.10855058046420471
5101,0.9901740588628283,2.27630708406399,0.4470412826598251,0.23075236629359525
5128,0.6617157013159928,1.4719044789503126,-0.11678580188953822,0.14329785324470354
5144,0.07155953709156422,0.8229756684401083,0.2062446321145829,0.7112060652437794
5154,0.2765243402481003,1.63231807284141,-0.5991676557320025,0.23520302541661262
5170,0.07238042830577258,0.3717917316420017,0.0008359496347743212,0.3755156925189724
5184,0.4563605222535003,1.9831385969148296,-0.4338918077439476,0.28097921222966876
5190,0.12582527598604537,0.9013278019439578,0.1244951983729185,0.7419004620264606
5191,0.9632085304647767,1.3459660459066642,0.21951490451033517,0.02421515980674057
5217,0.6292636603313517,2.2179747816720172,-0.17785423208697185,0.33242330237469686
5230,0.4330767835190799,1.201371170062575,0.5930616919463765,0.03763629129044006
5269,0.25466318955777517,0.5251414126176394,-0.1030198601825052,0.07307889029244982
5272,0.3004241780539678,1.3951765169194292,0.09429509452901545,0.6552472046199037
5279,0.0665334776544099,1.1013886386687086,-0.0532616736227526,0.6733858659016149
5286,0.02255589551255442,0.09618801415554408,0.0057780188487208065,0.16164072960586306
5308,1.8983400215666384,2.366165868031618,0.05176004118097619,0.009507435158177332
5376,0.5610160629613572,2.161729263350195,0.3954557800155148,0.6860051337314683
5395,0.46164850842302096,0.6443863395395228,0.04122998458265967,0.018956389975805545
5398,0.5510038187317866,0.9932486273095771,-0.1125954996443035,0.060407949448002235
5430,0.6934055474641719,1.7359202902805064,0.08284973397895118,0.2584881591149796
5453,0.12265282024537781,2.3910864470377673,-0.28636426136620075,0.6052262877996497
5498,0.17801029947745442,0.6127447248998945,-0.10718132885786248,0.2155971567857802
5501,0.6419669174314151,1.3456970270325086,-0.4186438736507697,0.06339724154048737
5524,0.019737406835252404,1.3951321744524936,0.14105925337501507,0.8607556127676527
5535,0.21585398024095603,1.4082151372341503,0.5332793868186592,0.7170055609619129
5536,0.5173322087794494,1.6805028145802408,0.3304667203544464,0.5577776511032919
5545,0.2878034495407538,1.6484352713993065,0.11289869367162197,0.7352928284051782
5553,0.17663777600885378,0.5621738133939862,0.07391274933965843,0.3880015175618326
5583,0.14440304794039285,1.6937063927333031,0.1937357269309252,0.8760531652708793
5587,0.0600735961053149,0.18738585087745935,0.004282602551005237,0.29639319801703096
5591,0.22317846139596806,0.9629452812818609,0.35417873075014905,0.7007447929916844
5606,0.19750937296164703,1.0254298802109572,-0.04503539291285946,0.5332704523258963
5612,0.6882827106663024,0.7199165490489172,-0.007069720856267287,0.003010993971867879
5636,0.03033416252963844,1.4060076393328746,0.11530964103714784,0.8448561963280341
5690,0.24677316539429495,0.3756735618039974,0.07849931653938567,0.029590378101325247
5693,0.0979009944979647,0.9731192916209402,0.1261184551250239,0.7794520891332384
5698,0.18029087321718087,1.0739256665939363,0.10851418170460378,0.7574854998144975
5712,0.43081602182161277,0.9641403476076317,-0.2807763837773364,0.0772587116079936
5737,0.9530543280312718,1.7842721274960252,-0.8097101937637129,0.0380416105730474
5744,0.0764002786352832,0.2510181003975659,-0.0070199893529553845,0.28356742330535917
5749,0.7729238314691733,2.4225768768774674,0.27009262336055995,0.44492289782811606
5777,0.3568601038213431,0.9353291569865055,0.091876754333486,0.32218580974322075
5789,0.6969433050073517,1.5383746149820654,0.1423430666637912,0.20204547424933728
5790,0.012801149975470364,0.4687802905779383,0.07429884450790424,0.5256744801616309
5810,0.10882221674917399,0.6708268514820667,0.16626010992015897,0.6559971144488104
5826,0.2437260649713748,1.1102523746897648,0.0585241093485109,0.6250855816007322
5845,0.18501747321820247,2.2959961588621196,-0.1259039510124858,0.6677236537378949
5848,0.1964191038196171,0.7380960877858421,-0.2605616725115216,0.15827287088555334
5852,0.3186302060793719,0.7485393939572303,0.029296699951784907,0.19350510085387923
5855,0.22091970793206675,0.7983741025580946,-0.06814278473336989,0.3024695479341287
5864,0.3980952714830958,0.5600784758488409,-0.00040133733180956727,0.019245258264674093
5871,0.7323899571267498,2.2386537968666813,0.4886716775252611,0.4902073411757779
5879,0.08362422976504644,0.23377507235939113,-0.12202764634818386,0.06439537292672554
5902,0.35305990885973443,1.5826333691404066,0.2727119385373857,0.7759524359096706
5919,0.2577752998018977,1.4763160179583639,0.01628354023470726,0.6506727980355674
5928,0.6171388404282088,2.2889680230148923,0.3115848090586728,0.6014623989370507
5947,0.24810360759632025,1.0403141502971773,-0.040921774313848386,0.4671046926622047
5956,0.6682137405355772,1.217372128498861,-0.1281760500794206,0.06819074990954402
5986,0.2021864348591009,0.9323039305945651,0.29945343791686546,0.7908314497598107
6016,0.9874215620071487,1.4612146037020464,0.16852471095167929,0.03485551048951115
6028,0.2881162277018853,0.957168736910804,0.2549665081339981,0.5494061520207849
6053,0.6797667993088801,1.3140248935470704,0.10356279595824795,0.1274650769893717
6063,0.27205441227904176,1.889601108154353,-0.011751648203348296,0.6651476969731073
6064,1.4469380465334312,2.0046394664414455,-0.2122871975119214,0.018457329842820495
6090,0.5522640845063019,1.9396735912098513,0.010097450352651933,0.42583463209075506
6103,0.05399433609159498,0.15550549678469922,-0.07953051429302105,0.07289865849719604
6118,0.06327366702662818,2.080349168469012,0.35993934653073856,0.9439549029048963
6144,0.10682777493587962,0.961163307557086,0.31661792477744666,0.6792758246410854
6147,1.6575842454226832,2.3574830873119375,-0.13887875935565494,0.02138575986050481
6149,0.09616860471951229,0.2527711550547944,-0.02798698838408065,0.17466155707613407
6156,0.06204536000482553,1.170327835561125,0.02559085240704857,0.7610128186834214
6168,0.4377091176387324,1.2171443348576698,0.13153400449809194,0.3848612646920587
6226,0.07598819294416584,0.6783189113599428,0.08457555995109088,0.6271866338450153
6259,0.5873181139975421,2.324239730356579,0.5029066523631194,0.7355537485934979
6270,0.027412463601821865,0.17874217314782417,0.0448964129062794,0.2501390318587807
6288,0.06841398839367008,0.20115762695381548,0.06828616341066342,0.16059186115427931
6299,0.10258099679213478,0.24074443509243235,-0.01890603296862113,0.16382239679561833
6308,0.07941464092627931,0.7918198215122139,0.05316486753966342,0.6499495800139959
6328,0.4587509076089304,1.7690652235283,0.4258347792980561,0.7341450074618393
6378,0.15243604786584544,1.0846697738928142,-2.624889827370117e-06,0.6664178497272752
6388,0.20756668096200848,1.757998932917715,0.09183819711670761,0.7855881423829763
6394,0.3819573981406282,1.1787816233033739,0.2029077350276366,0.5067797007824466
6406,0.83215940919205,2.177723073162824,0.40519974153343313,0.3373239152196227
6417,0.6502778563330486,0.6414546676797104,-0.038855408036554365,0.00211807209642346
6458,0.23925106620332504,1.5705965004011053,-0.05621340752674265,0.61420417453829
6462,0.05378508007613366,0.1495042231577058,-0.006910438276731102,0.24034905329596473
6487,0.22434234134886608,0.5212631146642928,-0.018788813156327556,0.137997636996636
6520,0.06164681282228035,1.1996307398741242,-0.16497287003449726,0.5767416561221269
6529,0.31570273154490286,2.2150471941566683,0.16709838203309385,0.7892597544080934
6590,0.49165709764872667,1.7525340650093284,-0.10747205629057151,0.36767250363147763
6592,0.3215439035387192,2.221201472468706,0.2004172017343753,0.809227713704101
6606,0.12573072377200412,1.3477169566445084,-0.13500467577412656,0.5948500136447255
6610,0.7103691680677001,1.5269206909116568,-0.4022439273295267,0.07975189759135128
6621,0.22271946103556006,1.2564776604562367,0.33301937878334253,0.9202280559195117
6634,0.6031828992751967,1.1429377814994535,-0.702750684248369,0.02894537941378784
6642,0.3397670061343816,1.0936004663206873,0.0674577232755138,0.4552156701051337
6681,0.08382849317871567,0.3421136849277194,0.10527094619800169,0.39513232158376255
6710,0.6612795609618538,1.0449450296957308,-0.0379995003211657,0.03888611178677274
6720,0.0853827652954954,1.6214849509131746,-0.2579347004771169,0.557839591858039
6726,0.14566735519492374,1.313723489576091,-0.03445322109473748,0.6728485305947014
6729,0.9139721479008338,2.3377988004136694,0.2990106358162387,0.298848451967476
6740,0.09166942817062562,0.15690574556088902,0.01784525450925967,0.15350303444569208
6751,0.06304538032479767,0.3742934504155266,0.013552737235261174,0.4135978388329548
6759,0.3379552178718427,1.7795799619271933,0.35729173417071025,0.8945823777849307
6767,0.7302889365094912,2.127940684044926,0.6737151109354806,0.3753768844409548
6776,0.5557633952581653,1.2115447065021951,-0.19851491815085667,0.10724843880749407
6779,0.009720766087351498,0.832998599935564,0.028963525171486867,0.6819793854888672
6799,0.08913813128592815,0.3417635531791493,0.060895191829384736,0.45213113339409733
6801,0.35213670817614173,1.2828494178421965,-0.3930186962886818,0.18722802008100273
6825,0.38361836946293704,1.451829941830072,-0.4462910207646014,0.2013609144904037
6832,0.48253437252809384,1.93204243502214,0.93546346267337,0.03172692433511428
6853,0.1054855981087224,0.4554303885736207,-0.16100480740409975,0.1429537066771844
6855,0.10730178264854011,1.5331224643270702,0.08460173450876239,0.8127760651125246
6870,0.2162235795443688,1.075634790606928,0.3144320418663021,0.8654229145739567
6893,0.022228954282802332,0.18017404320500027,0.006160216300938054,0.33482162648228253
6909,0.7241131723336,2.186884574067391,-0.007920328314050939,0.327136066063889
6948,0.5988423539510022,1.4699168800098008,-0.07905534754609027,0.1982335213804517
6969,1.1634772315506188,1.2568789145771193,0.16075611367071888,0.0030519673648076086
6991,0.10694207510709128,2.2452930280196703,0.4820511400022554,0.9685799098726232
6992,0.26334720831550806,2.1118130108138216,0.3771237552461738,0.9472774839310091
6998,0.34622486354409016,1.5417312879088123,0.4118269081311432,0.8704020803889818
7015,0.17608171460683056,2.318379564439613,-0.47472636320566547,0.46938750183398714
7030,0.5803670191579611,2.343847521061447,-0.35317496822509553,0.3124166062202397
7042,0.4941763523104582,1.8050498072811398,0.4403239101814937,0.6832125810229561
7043,0.4008501898058929,1.6908505645490084,0.2771811229246682,0.7341968019168195
7059,0.34271275233466275,0.8980731641554001,0.21107918674476214,0.3201969995628891
7063,0.21939283003914012,1.695845840373518,-0.5618913502490144,0.296027040616768
7065,0.3945798595610958,2.014340804867742,0.2146789028113508,0.7455899519053382
7103,0.9568585882752021,2.0464430546711623,-0.23015975485468784,0.11067353721777974
7136,0.09845885797835167,0.8927947084987763,0.10567420443988484,0.733835722145989
7185,0.21090540254709336,1.7793504720965367,0.4718988110126898,0.9662120487078024
7199,0.33893623436948445,2.0258309639778957,0.15902840530061427,0.7571181596606594
7201,0.07167625317165617,0.15203799137695326,-0.00016748849113586083,0.2065699664664238
7232,0.0177658618951909,0.05746363676348297,-0.0006864248529796142,0.05669903263101044
7240,0.24698497621708565,2.332729139975917,-0.4667705673744535,0.4403987401411371
7284,0.8850255281160088,1.1637750707356527,-0.01258292792625403,0.013763301199409118
7320,0.48650398523314187,2.3042428603354104,0.39886544646649147,0.8054313924110799
7334,0.21499742438249073,1.010439237758738,0.36101088639718165,0.7743216167202699
7335,0.007615071425316046,0.275326803256689,0.03940927811296215,0.40870343055090885
7339,1.234794145326076,1.7205496512831537,-0.44744549772491465,0.016898508889649708
7371,0.6418471122865531,1.2613624932162877,0.4733144852233703,0.07476461404711923
7373,0.725764362499265,2.402309001610383,0.2722755574339275,0.4890614945964228
7401,0.34930850675418423,1.7787514652247298,0.4352197114984007,0.9322038072732569
7419,0.4797603710315466,1.941622745594657,-0.7345287450065429,0.16685363900984018
7424,0.2000883129265342,2.4470064710728816,0.2136157693045391,0.8680352954593689
7426,2.0616671620494578,2.3068321870561057,-0.0010839215138569998,0.004403283519552032
7433,0.5818176132618444,1.5922791656264084,0.6252678258152479,0.1478256183749202
7448,0.4411981744806149,1.2734012457518642,-0.2681842468657951,0.17731483570986378
7455,0.7407744099030925,1.1399123584594908,0.23048933253569703,0.044211268351437336
7462,0.32663044902081145,2.0536983531226305,-0.07897136998791161,0.592608579805535
7524,0.0785914719736951,0.17105195429486958,-0.014982532332950759,0.16875804948742576
7551,0.9720542190021682,1.6188601171579267,-0.393246419081707,0.03618046449190292
7606,0.03755314480632145,0.3453087369430109,-0.007030662564361089,0.3914896665585165
7624,0.19895294906829739,1.4997346820627926,0.039726672357551056,0.7297485231905733
7628,0.10482268411730102,0.21578409985880365,0.03802982314403286,0.2254830841994816
7633,0.010817466490287132,0.4666862956639438,0.05429251159228469,0.5245620794161996
7692,0.5178733585578206,2.035627656009623,0.038468961724791154,0.4998798893436105
7695,0.46139127112286354,1.2288748904082971,0.04890363255510574,0.30844023330802384
7721,0.20607820282566014,1.0897117697170717,0.29448762676496154,0.8699556844322075
7759,0.2756646929088888,1.9586678338817325,0.45430658281412245,0.9768094956962821
7779,0.8388029953601693,1.7504374269161778,-0.1490898964556239,0.11521571770202191
7780,0.8483827667502036,1.4180048199836293,-0.5736429006222497,0.028197174964838277
7872,0.09972576672638758,1.0858097392269668,0.16357784246330728,0.8325990872660235
7933,0.052190807770054796,1.039920895397296,0.1455971841430606,0.8159523277578286
7998,0.15653336863130812,2.0132314982553825,-0.4598238818525441,0.44538367886380464
8035,0.4451159373152684,1.4371157375933865,0.01001538558576476,0.39650997816024636
8078,0.1827405602871127,1.7556126065748712,-0.1428923384949387,0.6085088752623962
8104,0.2655349740764589,1.9263727438119091,0.2537782780698397,0.8803936579499712
8129,0.12717904089817275,0.4524670455307805,-0.024318327468370718,0.27092770928888166
8141,0.7213489923736043,1.0162688589986413,-0.21261972951072214,0.016309900496768982
8186,0.06435561496965117,0.20186615659019702,-0.01812896692851268,0.24058469403466742
8216,0.24169405148798823,0.4783261779692499,0.0076318089294549205,0.09489697690920854
8230,0.0602966988407959,0.2167607609914718,-0.04483137454883847,0.18954347627326926
8239,0.5458511284635679,1.4886350009737686,0.08204262663184397,0.32774918158819694
8257,0.5802154625353454,1.2642981666434134,0.40961805230209314,0.15022395718241938
8260,1.434203598732228,1.596316014614383,0.07664529839318521,0.004006252573526704
8322,0.2734004098955349,0.8277524427963578,0.11113002578100754,0.41671430609054
8429,0.5037898044937633,1.2163233003821954,-0.001308740100918582,0.22190184313681685
8437,0.01244937101010232,1.1484981567432757,-0.006998986964172228,0.7501179069839227
8440,0.15235322905871132,1.6019866275381494,-0.19368088105137626,0.5653401385582025
8445,0.03366985146813729,0.7898787085713648,0.11592486707913434,0.7046847321858767
8473,0.7592412319589242,2.0010506269634907,0.047476435236475316,0.2705775830158791
8474,0.1726520160969324,0.546409623864009,0.00670079170449278,0.2890206155081312
8491,0.8555548623222928,1.7624841634722652,0.5627377270119605,0.12334230038877873
8591,0.26905801805378327,2.271343091139938,0.6668497123287322,0.9941295163761575
8608,0.28471263641178274,1.112501293261609,0.1454448825203345,0.6425853605351749
8615,0.0907882534386956,1.0483411396371873,0.039286851824696725,0.744813852345196
8626,0.6959309326433532,1.5806764456000328,0.02506169270474599,0.19010934038045949
8644,0.6483156495881445,1.388982133684368,0.3952414306064905,0.17341660365331216
8675,0.1669668123950345,0.7157491529962974,-0.0028324976170523283,0.43580030946387904
8680,0.30093689787062816,0.6269232308987567,0.011523462165322974,0.11098760959466565
8696,0.06398433871144962,0.6001538905237731,0.022080845894998688,0.5263518984550261
8701,0.3212974910430887,1.0393199292389792,0.09592637247271896,0.48674798570205824
8718,0.17542659952466755,1.9286015741503777,-0.044525745856649604,0.7029229321663938
8721,0.2347691172994503,0.9953217872517542,0.2680541656697172,0.773604798764442
8787,0.1968311292725052,2.3541631761161272,-0.16324422830546306,0.6442356240104808
8792,0.9464136617197595,1.818624497029649,-0.2404633204142921,0.07656179802697625
8837,0.15756536222567216,1.4599972646262762,-0.10504090662865166,0.6193883342180236
8841,0.22824071499941564,0.8054420603926568,-0.007246502616115035,0.37506728813793766
8851,0.0869288212269528,0.8077007347517071,0.1463489437031644,0.7193629894603323
8861,0.403607024535616,2.309806708144831,0.12669580823834103,0.7048215420603086
8929,0.4320558733005227,1.8230544701010547,0.33562196548027157,0.7584861065975131
8950,1.3486745349665104,2.137397588397394,0.009899023457393694,0.0419024254742229
8957,0.04186603199750149,0.07527614074307111,-0.0063848032396460735,0.07028676088608547
8968,0.182431998348344,1.42027059598866,0.06481702180639991,0.7549112380166295
8970,0.5048849946062823,1.2189514584721857,-0.2956786219570039,0.11056893975316981
8971,0.29398199253841495,1.2060638975724294,0.43741399850118845,0.7172781709874735
8989,0.3247306326975178,0.8138067871631658,-0.09229180324868123,0.15801306305670826
8997,0.19276399826607366,2.3403484356145268,0.43243380711958074,0.963334653847109
9007,0.5710506151718096,1.2709396372109483,0.18362289258928413,0.22946299123761485
9011,0.05240218164686129,0.2891138046895003,-0.003674000551583629,0.3545859928740946
9017,0.7954781957331339,1.413721262469231,-0.459029844794084,0.0384843602794709
9023,0.14501030216681315,0.4179370214052832,0.15761589166753487,0.11063515732514488
9068,0.29688726417652783,1.5002844778050581,0.1657890682951949,0.750166571264938
9080,0.3881408595583004,1.3136573424570215,0.13823795746985387,0.5268924146577706
9116,0.6250518379846878,1.7150680565941876,0.5306904857932578,0.3321222030940039
9130,0.834762156280666,2.2445625873810555,0.4493582711688343,0.3619595816761613
9131,0.07203723629087966,0.5523158812585257,0.06390873070668238,0.552218389554767
9161,0.18534472737123522,1.0440654437154815,0.10147013124950373,0.7356654765250072
9162,0.34301804469586833,0.6949961759802737,-0.006291138700757311,0.10841463055709084
9186,0.6746152714144676,2.117945248883699,0.21836950808358818,0.4453606921597668
9194,0.18687462279652112,0.5041791885245352,0.08582824818969709,0.3069992556068492
9199,0.30277318604097536,0.8381164937510805,-0.07813975591909407,0.20395033011104607
9214,0.5483518042855734,1.5955266659763798,0.3264869278536805,0.4574743545839865
9231,0.13609876417757522,1.0342587981108413,0.12029498856620074,0.7859192583140205
9250,0.06476487487128012,0.5450270619582649,-0.004439151036119908,0.46016822350504294
9360,0.3505640386856948,1.8335416582351793,0.6297399828232622,1.0
9390,0.14915580659924707,1.1651016586668612,0.07037765776818199,0.7610736635834149
9398,0.41098245054885635,1.8673465893596097,0.6039803841413051,0.9159389023932878
9413,0.7497732461117741,1.6541706850792368,-0.21552545360964306,0.1231474030621131
9448,0.1399544746872294,0.8477260194778177,-0.03378600267386213,0.5204251341394439
9468,0.16799533533674166,0.5498422977948972,0.10872619010524764,0.45630241421272033
9480,0.20783517878098937,1.4403705705955352,0.2781617886936938,0.9103030150150375
9490,0.7898400125997022,1.9616419896949988,0.19307317097893353,0.2729845843610854
9531,0.5175683816070377,1.9779606120611226,0.35938028749822726,0.6832446414325286
9545,0.17277841510627476,0.9097952346263871,-0.30220843632073935,0.22903234133798342
9600,0.2123815789292327,1.6027996647864646,-0.37759698810122233,0.38488308658503306
9614,0.46264296726812015,1.5373880394695865,0.5966021983507808,0.22825895816476674
9628,0.5141587914199438,0.5255658102963847,-0.01760588361279947,0.0024949390479457626
9632,0.8665058131033091,1.8497253314368873,0.46005929668667656,0.17629968928539472
9639,0.2786153232561969,1.106024130480455,-0.3556127642155783,0.1956337890427605
9658,0.35930348115141314,2.0999419052124573,-0.23820681416962938,0.47073355547554024
9676,0.926489393316418,1.9014088937574913,0.24654061057138493,0.15772009429071887
9689,0.4111432548808988,1.0521001131127932,0.08909818595396114,0.3117280613117825
9703,0.12646105349994222,0.9613446969019885,0.270289913428272,0.781629894544138
9707,0.21980908499283872,1.27533548393851,-0.0018344813994251032,0.6323606609133812
9714,0.21120195288399432,1.0940424974138168,0.4252692254923104,0.6217358884179093
9784,0.2071987104731429,0.8399563928303929,-0.13860889887300681,0.28035562192458874
9829,0.3722523037324376,1.1213189317842858,-0.2293529502728125,0.19968206147615972
9835,0.558264249091011,2.2041286344095847,0.425203505608933,0.7146741692351911
9846,0.06311673303681065,1.8638734426794892,-0.008750149821026338,0.774959901626166
9859,0.34677690478924267,1.1811707259251423,-0.08293086247642878,0.34697119459916886
9862,0.5048737175414136,1.3943019269146537,0.04799902614774416,0.32413957243843183
9866,0.09456766767458095,1.6467296950579382,0.006739878819824724,0.7694857867988568
9880,0.6091139871751092,1.8342855146649255,0.2995267566975263,0.4681833977337764
9907,0.08879269130529593,0.9026833921072073,-0.026082801124500007,0.6256382520588213
9943,0.09383061637783521,2.1638534967295304,0.07507027969187745,0.8211045077993738
