iter,txx,tyy,txy,mu,phi,likelihood
2,0.18899639114845002,0.869869297310174,-0.06289993031330365,0.3776537192324774,0.5846312725955544,0.413353827711812
5,0.06825103363620146,0.6339691071564271,0.0013618580812321255,0.15274189687461523,0.1480081009297836,0.5142453149421737
57,0.9772388280180754,2.088228227927747,0.24707062779916097,0.43335720519700444,0.44114741511794237,0.17681025064892025
115,0.7427781894334083,1.03769919374062,0.06255589304827681,0.1483812093403191,0.024283045431891557,0.02210177797220721
125,0.3573934963482372,1.6458118562138113,-0.22701392373416399,0.26749562737425503,0.04061894349154593,0.38296989291820294
133,0.1910108724754147,1.1128365751893075,-0.1434147627976259,0.5960995116654758,0.6890852791312035,0.4526587657074236
161,0.02889149662925307,1.1928881783510152,0.09869171566489401,0.298790824332052,0.22683434410955328,0.8242023793407458
248,0.06740470848800217,0.4935207139286462,-0.06735490865802352,0.49335338523859984,0.7984367711567023,0.3334846453624745
273,0.0628135693573809,0.1354791749300013,-0.0034645970648525897,0.02535275066937965,0.00920961773805557,0.19697798769920055
285,0.2004819575221077,0.8702428596112737,-0.14313781847656373,0.380215541225236,0.5864964531863537,0.30329384334435994
288,0.4069638495008831,1.2076143858320731,0.16351677518733962,0.28715184906495017,0.37657323057962316,0.4539106209531389
323,1.158746180196746,2.157755992783223,0.18841015804639485,0.5877348187257468,0.585537223590949,0.1003516493252488
331,0.36822494264570654,0.9678318212151871,0.29054251193628566,0.1379320109326324,0.040139378834420966,0.2713737736585737
352,0.25250309540565186,1.1169077508869545,0.0775622822038037,0.27194638126481674,0.32112000189311607,0.6345554214395521
374,1.1664251839706334,1.8500067494146035,0.3931174237511212,0.24578889815151123,0.18291914210150445,0.046405538235382696
377,0.8805815642100207,2.1508660680397007,0.5734896449352068,0.5901168733191783,0.5114842399021748,0.26349157211355106
400,0.06442052749378024,0.3592240096254259,-0.041737373297603284,0.2533419869198469,0.6955872466958706,0.2927512865167486
419,0.7728769179284148,1.4455894513641838,0.34701546401943073,0.6282951664608405,0.657375370074621,0.10913692973202564
445,0.0707148349849066,2.218890812641121,-0.02791886360210525,0.40484421951208066,0.13909252581594264,0.767762787650077
448,0.28084812021035627,1.3314519570341543,0.17623704353996095,0.4458979719423737,0.5041130442853075,0.7496293887517148
487,0.3433532760992888,2.1225858172240923,0.5122211071734596,0.478159250892841,0.3172164865207964,0.989792425689394
503,0.16691776741763945,0.43501647735897087,0.015040622159208981,0.080437770143836,0.036455086206797264,0.2176903790506028
534,0.025520138152481896,0.7859439978289726,-0.09955382068275759,0.1809608127724985,0.050375302114488235,0.499415788819873
561,0.023321105176149073,0.10474831741746729,0.0014916434591116248,0.02957077873953866,0.20975457384434107,0.19486257906011267
608,0.12591320857576987,0.7703771686167125,0.23170195195621957,0.16161942003753013,0.16434045378681433,0.6858355954607752
635,0.11876431101174136,2.1155293372258903,-0.014349770639872627,0.38044522477787796,0.13063171089783412,0.7578169613632455
645,0.20569448781694175,0.6851563279159343,0.07741094131062445,0.216377551586828,0.45730172596820773,0.4220671676662429
661,0.5554051182367923,1.2624550302148805,-0.3504287879537926,0.5398400139075525,0.6803669258851422,0.08591755705192844
707,0.11405832754227417,0.6562136343438276,-0.015960468302948647,0.17149939002475795,0.24602222384199746,0.4590174755345083
708,0.010710183479957284,0.7077050444206168,0.07792596244926951,0.8263858892303824,0.7858733127362052,0.6541525964174018
723,0.18402929766655018,1.628131659625524,0.13443039739185633,0.5832414069331278,0.5193551399960797,0.8267635555884794
740,0.17139062995270377,0.5707079621830077,0.11225090791838328,0.37986752437861465,0.7203572495914417,0.4677979003400973
766,0.4541342863373361,2.277877839450749,-0.4756654911145698,0.3782771759437154,0.18159023104737962,0.3190653678571685
780,0.19501238236762944,0.9669838605535099,0.19117445876856984,0.17149953508143306,0.07239373121750997,0.7752633735046414
783,1.6146135801062647,2.384843357103064,-0.1524302059508147,0.6666463407875343,0.6596968625406132,0.026093530162620837
815,0.8449510249057256,2.1371182603120356,-0.6769582796594016,0.544344079592243,0.5551832336626353,0.10026151187069622
832,1.7215055209288583,2.1602299171295307,0.16413560079524325,0.834639788612936,0.7227187965190731,0.010086937152596521
849,0.22474226249992152,0.9310060870008952,0.14203042316096057,0.4391842867685284,0.6196394156714765,0.6548378461747681
864,0.012935965548401372,0.14770552435616532,-0.017790517227091126,0.05024482854797542,0.26285052193190417,0.2797078841123371
884,0.15744173106375584,0.7692726400255485,0.14760471123175736,0.29073730132731085,0.5160745804305699,0.6829691398732295
891,0.6199702666441552,1.9637754273922614,-0.7780597072197674,0.8358642631886775,0.7917520678045922,0.12020717206293535
938,0.280534666990349,0.5742361899017956,0.09030090826336236,0.15205756892990965,0.4176046033620367,0.1240323335772315
964,0.2415699854770215,0.670076026515705,-0.04063580466648877,0.5938503543508465,0.8108714282549012,0.21681621584012667
968,0.6283714014797971,0.9472901804330088,-0.7396924351361428,0.2544594128641314,0.1306591352112065,0.013668337849289166
1000,0.47866747512058794,2.1376258903571856,-0.028741522226699543,0.3060594356414341,0.06341114193027453,0.5133359400849636
1006,0.127217879419856,0.3259031166858695,0.07103769598308662,0.13914236000157948,0.6143374366825728,0.3242875570153166
1062,0.1306246940981353,1.7315741971265723,-0.01535292230118746,0.7681407920621144,0.6217977096195951,0.7397317619724468
1067,0.41117751017029014,1.6897270185576327,-0.4481733235914192,0.4098337907170563,0.38810309983475244,0.2389934438702149
1080,0.00927265866134935,0.49506400378345555,-0.023828448140732733,0.75610090516392,0.8545551463766754,0.4576836964489173
1081,0.5840100374964843,2.447008445793247,-0.036822946749682124,0.41354098959223307,0.2630844548551678,0.4777059954351623
1091,0.15641501369183722,1.8939829222554179,0.32936021720607844,0.43877423057620385,0.2775974462922554,0.934729071656968
1108,0.840174186639331,2.4829230335727344,-0.07677477361743587,0.4071341247772997,0.3003375505475898,0.28268717328143345
1111,0.33451300271983114,1.0998467413802167,-0.021908491177835977,0.2742241064303391,0.35356252018290624,0.3830982339979619
1115,0.2522195168569472,1.421310689296661,0.298315954869275,0.6759198014870059,0.6013995509285055,0.9038728337184162
1127,0.3595357115616907,1.2354485791599028,0.07010176235062116,0.3017011478925998,0.36821634226848243,0.4887738338901988
1136,0.5718301856300804,1.7927939618372764,0.29705840536846045,0.311604506239729,0.24556821676368806,0.5074172528993667
1160,0.01709694144188715,0.29764362231213726,0.024332450514019877,0.3161610551681725,0.7794845992433387,0.42329458026746375
1164,0.4419157770078639,2.195455455634656,0.6535159733601575,0.310666382633957,0.05333451017108414,0.9792161662349708
1174,0.4398663939710577,1.0626041878573478,0.2687754359624246,0.14591063938318297,0.026796181836144142,0.2635827793034802
1192,0.3472490488088534,1.3283349427536955,0.5214807136358531,0.5649671911084171,0.5466924440209765,0.3467659048352577
1194,0.07725036507471976,0.19515320757232307,-0.0197941333335713,0.07277235392519343,0.45396102738700644,0.19319262428308495
1209,0.04088923341254259,0.4298882188760269,0.07990824341591582,0.48149507730815727,0.7873794694570148,0.5069675115219487
1213,0.7277997728353404,2.1831888309099594,0.3369897243034732,0.4143036282512732,0.3483638395718729,0.4449066775800672
1248,1.3225142440171556,1.1730768649125596,0.0989716180737785,0.2520854222437913,0.31781617356513897,0.0005753809860833561
1264,0.6553357202412148,1.742904251111725,0.32718506921777096,0.3021695308078571,0.2681033942181528,0.3678744237749445
1274,0.43490761492601854,1.7222428779074905,0.3859765977090743,0.7474472524639936,0.6021978966976714,0.7484337542094329
1291,0.09367599562023093,1.0350627104160142,0.16294757124643408,0.32904801968506153,0.39665226743999354,0.8169633028342265
1300,0.1132862647281038,0.1881592893868458,0.05333377029905152,0.0867024433598418,0.6944328307332237,0.06347446173901028
1315,0.3460228620593427,1.9059042807739426,-0.644719055895744,0.9111694554673417,0.7939927365837302,0.23936616000545416
1345,0.1005224235978668,0.8781642118015044,0.18008262388558396,0.9990964561287929,0.7738864296281144,0.7589570449303151
1354,0.36708175280348626,0.7652311362805544,0.06115827525378139,0.22009538032516035,0.45990434984477285,0.14443176854805448
1360,0.5323210020824546,1.4642510789247465,-0.11911778880620284,0.3116425265970424,0.32069270093629265,0.2356957884227304
1378,0.8856869268948624,1.4585013500038133,0.35585710286805744,0.349746328759621,0.4706050866931254,0.05682846814958385
1412,0.27278467395299755,2.0473412751157523,0.23398437654119575,0.6719210307383748,0.5088846228979556,0.8603995837073898
1416,0.41698533916347813,2.0508982141830114,0.1490435116936128,0.7550739308104204,0.5961969293831669,0.6778915106042134
1422,0.6174959988909284,1.7682090850378247,0.16363309162598705,0.23617654443900143,0.04163433629686147,0.3776327838744665
1437,0.10439266122889285,0.2227972793626881,0.01572191900803777,0.04404476445698828,0.1389259263667376,0.2132536397117448
1504,0.01764716381895114,0.11863466235718428,-0.025413315768737718,0.25947584381547856,0.8963872433948815,0.20760665075128232
1511,0.18204376882226128,1.3035567186499306,-0.003111798096619767,0.4990924989943094,0.549208108873301,0.6736673061114363
1590,0.042574790856887604,0.7938026631188108,0.13524056638781112,0.326900721249831,0.48785110981348984,0.7106991195998721
1608,0.02366424744641484,0.4567184334761539,0.07957757210902379,0.28890762451551394,0.640319437929773,0.5190814234085392
1617,0.19660591617309817,1.3358547755074495,0.2956319252742157,0.8061875986970423,0.6491264307350466,0.9152218371373302
1625,0.11396683259384234,0.47891261377256433,-0.1935650093775649,0.14018511043201,0.1365111913664911,0.13548677006574852
1655,0.04086056657660287,0.5950040601359048,-0.061814853157331366,0.1547331722342438,0.14525019840193476,0.43561874917604
1661,0.09608495210676793,0.25378062722423783,0.0105006029684048,0.09193422613176448,0.4948187749908745,0.2737458527550488
1662,0.03658093999696455,0.2269672318293986,0.026220124015191346,0.10755428743688508,0.5577162347800732,0.3754371472425661
1674,1.7029638215732907,1.7410525157786199,0.11320476132267034,0.21321297654619745,0.03321134016400412,0.002118826261572154
1696,0.10971521564935215,1.4431849358303614,0.2764780030834397,0.29997089418078093,0.15470494148636482,0.9098135644507196
1711,0.5183584359707963,1.3469978502640567,-0.15077916178543252,0.28986903717347684,0.30445717082785956,0.1938950691803689
1715,0.3074426415587034,1.329590003463825,0.40942585896936023,0.4662762847404949,0.4998180801860733,0.8618518942383551
1737,0.027895274103052266,0.30872204025474426,-0.04756072214757264,0.29690985558170035,0.7630521464429497,0.30112090266118896
1747,0.452789347174317,1.7088221261620906,0.31632558795211235,0.6566189612556964,0.5827109200342768,0.6795926390540706
1754,0.7693521086958134,1.2420041824953303,0.394251643975224,0.25159944498378467,0.3677419034418961,0.04019715939026562
1781,0.26956790524683777,0.9079134214925354,-0.0865324858479763,0.21312456733310228,0.24666898194114295,0.28784510232853044
1802,0.39127289118569303,1.1465304330598338,0.23827436925803472,0.4843203525803584,0.6129016412255458,0.4640916029861262
1836,0.8685706032499989,1.5557511819394152,0.2123199130619185,0.3229097424267733,0.4056206165264483,0.09431038981792696
1869,0.06619799957580598,0.6948587459455949,0.2074015643447851,0.13832830403050758,0.048021783938312496,0.5919065629533353
1885,0.2670732371495674,1.0366413773058714,0.2960339104147583,0.26179710921173316,0.3646075850502989,0.7229483654065424
1930,0.7210197426386544,1.1553796754913253,-0.0011650774645466395,0.2791436470047241,0.42228500291558674,0.04758103555286
1947,0.06134819339893658,0.8430539586589726,0.19339536634059587,0.23012798333966586,0.2778099218626409,0.726940255467052
1982,0.2550065277178958,0.9754722245865538,0.10702269392032454,0.5474860076380499,0.6835653995293655,0.5854899518317064
1996,0.1542431513364802,1.2415584292616584,0.3222353052572939,0.5118928904169313,0.5179009821351571,0.8929005287952367
2023,0.10763704469908604,0.3168001825022487,0.03786859882889779,0.08017566043829367,0.30548344735937355,0.3529411666198822
2033,0.08101521233121643,1.7751639713223295,-0.31338696698895807,0.7863155801525733,0.6658194502893764,0.541528078910224
2035,0.2811719343173083,1.619915943449428,0.41351383967920086,0.4996560747970463,0.44205997360700255,0.9644097500385654
2050,0.08883397347994297,0.6130371079605659,0.048785039350537546,0.13602671703290511,0.12418753196127147,0.5483705166682767
2107,0.14085818621144575,0.9157522594167978,-0.3014096854551502,0.31601264586443334,0.417763749395088,0.2609584785032505
2122,0.03782881521902941,0.7387391699608935,0.15866669369571912,0.2695834426906467,0.422580421000248,0.6713354618979028
2160,0.06623176101655115,0.25975032446757634,-0.06020482496466962,0.09350224878752483,0.34020787892118565,0.18198944827275368
2225,0.9230003030330005,1.7145626407612302,-0.5624364506858806,0.27045753372115694,0.07749000532565961,0.04553285856447757
2226,0.9249859042994677,0.5982132519475452,-0.4933703154568037,0.21326152428737685,0.13385997959558799,0.0005064063147117971
2240,1.2694203084054163,2.151211103225311,-0.5024976722163956,0.6592077003390024,0.6853184703930902,0.039380369790927114
2301,0.36552793727376814,0.980680603431716,0.033314498818367795,0.25061447599744047,0.385621953386404,0.30617054625800433
2329,0.08589633230045272,0.4208162179459547,-0.009853330903990985,0.1229306344601253,0.2978390791748447,0.3581978809528097
2374,0.017408613868847848,0.15011394716953372,0.004423335829945475,0.04380013352325174,0.20817542257706872,0.2972210202404892
2403,0.2962813698812648,0.9666050143328845,0.2624903109726447,0.14085590097122067,0.00570526461033402,0.5283628077322338
2404,0.3955924519973696,1.7715337556768855,-0.15401538279146387,0.4946525003268069,0.4887049620035952,0.4294994498094735
2405,0.15651770729727124,0.4667924199638947,0.05993451035812735,0.10869597294660342,0.2663717524513559,0.3483366697926133
2413,1.0130300986728835,2.441244320599364,-0.22173221564496207,0.5513824250328742,0.5250149103404744,0.1564522858350821
2423,0.48793788746375816,1.0771570540840403,-0.13569837085060496,0.2504525727566177,0.3159543657371685,0.12284246076889592
2453,0.11487241994473868,1.7749345655729483,0.28532480024438206,0.4466073290427042,0.30705357485726853,0.919364368039114
2461,0.2246332212750417,0.8634180338197835,-0.43429076339222317,0.7398169286412042,0.8558933144093502,0.10728781027307407
2469,0.10515405006718483,1.0760795134217462,0.012287485542989087,0.7808877585199548,0.7344985685319608,0.7171093282328035
2476,0.2088396712914697,0.4725699771770055,0.032059292426080965,0.12131985094289588,0.34332979949371495,0.1617800649511147
2480,0.35317249764540715,0.3803282630364568,0.07258216936340033,0.07655703521446103,0.203713964117832,0.002122761060780989
2507,0.13220930015129898,0.3017936576410566,-0.0424599023837514,0.24738063532639276,0.7643300224326032,0.11422674323285192
2526,0.10496511548799987,0.34514579153649977,0.057672605156813724,0.0643945560171206,0.07320836437700028,0.42111826167383
2606,0.5633151059556248,1.5749431699338172,0.014727002172631566,0.957754686288385,0.7719463999824924,0.3059601545859442
2640,0.08424891938202217,0.8636908621555006,0.03566822213303405,0.21048283046636895,0.20407290929539765,0.670143311614691
2648,0.2725609436422901,2.0008456352327886,0.7259285344544166,0.32989105970767046,0.06476539984195108,0.8654841886212807
2655,0.10344568134533462,2.1789711773601534,0.16150307141141002,0.4021022139408459,0.14369268977812077,0.8647549014302106
2657,1.4321107724762376,1.9652476141593527,-0.4720275658236344,0.3462640929753836,0.31913194831402797,0.015948474842501403
2672,0.03493037757896467,0.6004394518378308,0.021366219060161565,0.1296658288612986,0.018616284472786918,0.5471559972630559
2680,0.193035709030257,0.5298798304122131,0.0626329293643977,0.2580297423169682,0.6446685385266763,0.2874672518775245
2686,0.045828664137784934,0.37014229000277504,0.030432914528190292,0.43971361657082825,0.8128306159477087,0.4532336320416153
2703,0.6160862294630547,1.0883552530784188,-0.01079493238497134,0.23332034784301248,0.32406978382396806,0.07181747333958811
2729,0.8395456764114901,1.4635140963062143,-0.023246100695392794,0.2351355442466821,0.18428666744001787,0.06886478814047653
2793,0.6781283192485715,1.3597230220756844,-0.10557836787150877,0.6257460379649583,0.7181233563772454,0.10434777808767977
2810,0.00533078847060819,0.8172473085795885,-0.010550476901117092,0.36935454161735165,0.5255219945229043,0.6429543323707082
2852,1.6236055831632306,2.18968547851165,0.22826235902980638,0.9969245885831237,0.7521710778029271,0.01655550528485656
2861,0.20272428739710524,0.5039672956785627,0.010271518199788774,0.21284279662577427,0.5835105779773635,0.18650589638160764
2865,0.31297177256508624,1.7402780034860257,-0.037565091530521434,0.42310582560842275,0.37930118323795153,0.5882976493237282
2878,0.016210532489949973,0.22002036922894722,-0.030397553009272126,0.09665989111536263,0.43724575340320787,0.3068467287302212
2883,0.14110396917167695,0.5746497024111517,-0.19339402951270815,0.27415010349575064,0.5484169438331615,0.16958235535107286
2913,0.10467549741351691,1.561437994390546,-0.3151557804762459,0.3458236026440142,0.20828038478892108,0.4914164191411078
2944,0.04029799645158504,0.26961086024766745,-0.01697521502421529,0.08095131432171025,0.24968241183205317,0.3316055619395326
2978,0.16574933225142988,1.0131075887710799,0.2427543456336849,0.2840825112975712,0.3655632879893189,0.8319150688567694
2993,0.7046687134489099,1.8276677186754,0.029186462793325593,0.354252782208624,0.3419450499247759,0.2596253814997459
3050,1.2518051018880334,2.3799930506684897,0.34592409679690655,0.2502529979443991,0.043868311852509306,0.11166531233280197
3088,0.2119826498551873,1.8055481933371313,0.26800120131075955,0.33815978579239403,0.15868697708715246,0.9049480611546072
3143,0.03594598131252441,1.6835186586429243,0.19828540610771667,0.7017453223475344,0.5295572000987787,0.8900850552095021
3299,0.46387565462740094,1.9998993622239143,0.594742459330349,0.27147567676738477,0.029708389988935657,0.8592606818933806
3300,0.2239470755835384,1.6039032644117137,-0.08785499265125422,0.3889903702923272,0.33757421893792955,0.6033710638059095
3307,0.1324211376951467,2.254434688207312,0.4064518186878665,0.3876495087173215,0.08623211469056355,0.9571880682607148
3320,1.553401050269217,2.284197230419924,-0.023898192005747516,0.7437302159389416,0.6959845242957956,0.027027351532561198
3329,0.03565192240129988,0.2055058596784036,-0.010805734495696358,0.08472081915432988,0.45873812730936064,0.31324795677328265
3338,0.30721330098071525,1.5297900332275847,-0.049794263874501705,0.9361749648138178,0.7521593141520105,0.5410087668288107
3341,0.245557479753685,1.0301325121255613,0.3636458352702335,0.2922088943829851,0.4068646451429068,0.7374629935298522
3358,0.06915216518388335,0.6005756131773021,-0.19582107924754216,0.1673917514270259,0.13567865405080676,0.2563601087508839
3375,0.4435356380261339,1.7082725105263468,0.24594362785422422,0.7661572397128622,0.6388461222535684,0.6548555309409023
3390,0.367074081124376,0.8830660457063291,0.22495506405516058,0.3322768816994239,0.5821092424477537,0.2361972377923772
3409,0.3220505064374777,1.6729915821831443,0.4976564409183614,0.6963546863578924,0.5421867766147812,0.9793768733017886
3412,0.24763203905858644,0.45305638497491424,-0.07303522037425482,0.3618388082242839,0.77857128161913,0.05178458513530425
3425,0.1968104639587622,2.365859742853601,-0.04330332942582516,0.3651137058197043,0.058858398777937755,0.7175695053340282
3436,0.0770270423375444,1.1363130456742854,0.2390736212972295,0.3469993309157553,0.36210321815491386,0.8540447779533659
3440,0.28280861924318446,1.8203067206093246,-0.1758529513424684,0.39639937991972557,0.30451588698485926,0.5197342779055576
3470,1.0348523777151686,1.9058300767993037,0.27548511005990356,0.27397469326853413,0.22081931353474168,0.10203705317585704
3476,0.29369390631388465,0.4880196500878488,0.015038586579515258,0.20896155324522156,0.6128403840142104,0.04601386586102142
3482,0.3633111511458407,1.7510577741247166,0.342516430414544,0.2568594251581939,0.03559848302905088,0.8458324942405138
3507,0.09938020616301653,0.7319845757926453,0.183498569021843,0.6549888256983957,0.7336375323291995,0.6837042542170443
3538,0.20447973901289632,0.7578104800023843,0.002972911547083456,0.13992690621780166,0.0346302866582715,0.39662193660830775
3549,0.1177212196511803,0.7153621345902644,0.15961200108932858,0.19879302833090437,0.33957828884042285,0.6812714562379931
3551,0.14880157384943518,1.9273507443070914,-0.20245343444757868,0.8647574172758477,0.6742631634434388,0.6034487336831065
3573,0.013463817908514477,0.9438502347744243,-0.004266152545912346,0.23980355999983174,0.18921307254802808,0.7104143216297037
3597,0.023354628793843993,0.5883740754705107,-0.09852609842227268,0.3472339924590088,0.6267545856952857,0.4032011128667855
3606,1.1877795705083825,1.9305510883673944,0.13169940466043806,0.4631843626985521,0.5276542430519415,0.053997120161235534
3621,0.13001423850568394,0.9490096715463433,-0.2199834550395607,0.8118271644151677,0.8222418591471977,0.3531152046173297
3635,0.1558542121042337,0.4641520638204914,0.14554288275578772,0.29504508986944156,0.7145902055319739,0.3674488470790909
3675,0.8003308501753845,1.7932230365831416,0.09747683936035663,0.31234189304510024,0.2927330097036313,0.1930666706962418
3680,0.6847490412943301,2.0938526224457523,-0.11908364944709884,0.3896940321835796,0.3244791264803964,0.2911667095005517
3682,0.4381305103275394,2.355065615717029,-0.381699933770804,0.9356694411542199,0.7210203265370382,0.3820450495325801
3705,0.310618029727601,1.4827427627373584,-0.1278314413505797,0.3037067054423028,0.2249506138374906,0.4568419701961769
3722,1.4355546393383836,2.398688355641363,0.014163752545279894,0.32513125547756144,0.2439138282220184,0.05275063972902064
3724,0.8502357283565162,1.3937352909702385,0.8317975970086876,0.2175258079140029,0.12487685948135835,0.010215929575198785
3734,0.6779056536394991,1.493263285746991,0.12062030202934076,0.4781874249279712,0.5791445549832613,0.1985696053223596
3789,0.8896608424977067,1.636842410539032,-0.47348569274625185,0.652615321867551,0.725998509488118,0.0472401177202658
3794,0.14983969814458672,1.1425286781645543,0.053248864972154315,0.22347706648678145,0.09732280758278598,0.7398360145804725
3829,0.33851330620207426,1.8803832756338505,-0.16729217169980617,0.3533184372127287,0.21430093916677828,0.492881550923728
3831,0.8865532084595052,1.5527564684823425,-1.0580213789774577,0.28898087663276006,0.030908392689420694,0.0241195265480679
3845,0.06401420988387442,1.2253862442815373,-0.11659352732418757,0.38638101084326915,0.406008543501328,0.6290728261499885
3886,0.005002660857351686,0.052311800274955196,-0.01296225854656052,0.02875119153484175,0.4216108848505548,0.06194315158439592
3920,0.16367769161145432,0.4319561083737113,0.03165831699617889,0.2555885300093303,0.700087716108433,0.24692638564738584
3966,0.3072510961004018,1.1745504539409226,-0.35180966258449625,0.23192933544986188,0.058702171494698197,0.20026383288499475
4032,0.16645873689961363,0.551727778655436,0.20523231789503177,0.1761594835990409,0.48163315258449324,0.2669334270694082
4051,0.6495320032997539,1.1453213222636374,-0.07055966057121803,0.8021415572646169,0.8156335035250512,0.06864640433285478
4103,0.10614260425793011,0.16683205325039566,-0.023781870603793758,0.08124642796919758,0.6002996931612179,0.05945148134377451
4126,0.06636654409338404,0.9452747296316427,-0.04901427194437118,0.26515059296843935,0.29238771980302225,0.6458315029395237
4138,0.2978976946592838,2.396959282237503,0.0441324279407969,0.3350439067856182,0.00819306109541973,0.7265167527021822
4158,0.20911986926796533,0.9497242338277597,-0.18988377711558957,0.2175971489285132,0.16323416109133385,0.29704740919474104
4164,0.2482128164575187,1.817866868661484,0.5691280292220435,0.4719716100637834,0.33283127845722016,0.9610003768291088
4298,0.4850427671903939,1.823948200721417,0.5588076635345788,0.3000078119835927,0.17591988795303662,0.6927156940836109
4305,0.7738180437045589,1.3542741269225544,0.11267795391815101,0.37156878331460985,0.5211643225893737,0.08455686595565136
4347,0.132519294564208,0.7763501265539708,-0.13515607945653962,0.2680801437002458,0.42209587283389177,0.3404633733441372
4364,0.09956990307328704,0.9811372751198614,0.2245489331073129,0.7951109109947796,0.7027026283755138,0.8022210344951021
4376,0.7564417221349227,1.8073631858013115,0.42095367957561675,0.3303608904179442,0.3235219423779311,0.2678983720020653
4478,0.1563768451515883,0.625408063782828,0.14772708501456175,0.2660938836333736,0.5749311275754369,0.6058971287839385
4496,0.1555172485087038,1.1124231366564457,0.3379087332386162,0.6183354421939837,0.604076555774893,0.8260351287779599
4555,0.48094969572723306,1.7695283136939108,-0.9182938452488544,0.33931757357857545,0.14193437521431287,0.10735294619829433
4566,0.6067784069127362,1.2662513417851644,0.164818839872789,0.24149357246068548,0.2983784744225063,0.18265601934410747
4575,0.15516084916819334,0.4975082061099831,0.025246978051435724,0.30002130607393424,0.695312580741669,0.3195988872421674
4608,0.4494722853503389,2.1796337104567027,-0.08633711508071328,0.9653437177863905,0.7055287026379083,0.5094402533009935
4618,0.6875752410706177,2.1620694338266198,0.323165595307762,0.4667251873065369,0.40795710371324395,0.4828480042859808
4630,0.13813926605542548,0.9805693695715546,0.29936825172270626,0.20872956115500843,0.17535393699813281,0.7701258160355791
4637,1.005244699560677,2.0621099318307228,0.13258343092292083,0.40086604526592645,0.41119885425052494,0.1430109029967373
4693,0.007376606622213177,0.32453259735488843,0.005705769232820175,0.09861747291328324,0.22802859575034715,0.426823663986514
4696,0.16662500762386842,1.9779554048436128,-0.10745843975637441,0.4884271881298369,0.37210721728149176,0.6660629245625862
4707,0.11334998725889635,0.42157052783477433,-0.02140576519410038,0.1256137663738079,0.3266592408802892,0.2834674775976896
4714,0.3758380119070028,0.8459137737350845,0.15822852336266346,0.2638941765475994,0.5152889527788308,0.21115920241515584
4807,1.144257571646987,0.9910466870918525,-0.1825255952136898,0.2467087868109989,0.30288023371437073,0.0008721351515187912
4821,0.27067992365721194,0.8502120818042443,0.10081781989195804,0.6431812771180992,0.7606693249937299,0.4369431492765069
4837,0.10725222767955242,0.29947612298505577,0.055385328790903195,0.1515456776618251,0.65912815855479,0.3663374391682374
4847,0.21326253197542458,0.790200102818879,0.15611292392267,0.27232205054240366,0.5036072398333566,0.5850067087343124
4887,1.0859669072954152,1.8233341402009278,-0.48725040408854264,0.6053515386731229,0.6771082900854133,0.0362262803155356
4924,0.08853464774841056,0.7288430776596527,-0.068790204524518,0.2325749044110141,0.35935140655734266,0.4561415540459602
4956,0.06136539278068651,0.1342584968055114,-0.020125968578129004,0.06791710433658973,0.5965940194660109,0.14990384799634926
4989,0.23791599686977907,2.174553314749232,0.5138277357496437,0.5077872677189799,0.3027048172767921,0.9844991877514468
4990,0.36521880440693594,0.6710754501392933,0.09618126439507087,0.20712853699801095,0.508242864162754,0.07910700467669506
5000,0.21161537038322112,0.7055722558470167,0.10459828079073569,0.3472179974998524,0.6413503466183191,0.4548486730456393
5008,0.03631297209016892,0.06881491909197747,-0.011341677989189194,0.020411426776615806,0.2902908940851665,0.052236474714483984
5013,1.5480130065001994,2.271270912725985,0.04214775545852593,0.5439278342315862,0.5732071006657874,0.027314772736680717
5026,0.11276749970060608,0.6820612279668417,-0.0875197043107871,0.2032050825390065,0.3116981497971535,0.37640473050096623
5056,0.05822039730997591,0.9445692171593977,0.08069597740400518,0.35118511513778006,0.460580322825454,0.7528187656005678
5074,0.5536121605269946,2.0217145010801647,-0.3920312977055184,0.42927675061653625,0.37449351484058496,0.2521537529498123
5128,0.6617157013159929,1.4719044789503084,-0.11678580188953804,0.4977067312008347,0.6071237014917554,0.14329785324470354
5144,0.07155953709156429,0.8229756684401083,0.2062446321145828,0.4123721745671211,0.5686445997139241,0.7112060652437794
5154,0.27652434024810146,1.6323180728414137,-0.5991676557320033,0.8007349198619441,0.7669298073162811,0.23520302541661264
5170,0.0723804283057725,0.37179173164200174,0.0008359496347743194,0.9660701708055377,0.9214148377347364,0.3755156925189724
5184,0.4563605222535013,1.9831385969148378,-0.43389180774394737,0.39740855721409735,0.3000536916659514,0.2809792122296688
5191,0.963208530464781,1.3459660459066642,0.21951490451033404,0.32440643363431926,0.47280321478726256,0.02421515980674057
5230,0.43307678351908074,1.2013711700625753,0.5930616919463764,0.17190954250867238,0.0003629765382079375,0.03763629129044006
5269,0.2546631895577748,0.5251414126176419,-0.1030198601825054,0.2514537645499268,0.603623455806285,0.07307889029244982
5272,0.3004241780539677,1.3951765169194332,0.09429509452901545,0.5621322650944487,0.5936060935197238,0.6552472046199037
5279,0.06653347765440996,1.1013886386687088,-0.0532616736227527,0.39132260092766874,0.4607062069777053,0.6733858659016149
5286,0.022555895512554432,0.09618801415554402,0.0057780188487208065,0.021857741792999694,0.021590096594458992,0.16164072960586304
5376,0.5610160629613573,2.1617292633501957,0.39545578001551396,0.9075094854078831,0.6196103806573366,0.6860051337314683
5395,0.46164850842302174,0.6443863395395227,0.04122998458265967,0.10590981428940366,0.05178828985584483,0.018956389975805545
5398,0.5510038187317864,0.9932486273095814,-0.1125954996443035,0.4395001845223564,0.6666655465044378,0.060407949448002235
5430,0.693405547464172,1.7359202902805033,0.08284973397895116,0.2608427095043706,0.15106839201760378,0.2584881591149796
5453,0.12265282024537781,2.391086447037765,-0.28636426136620186,0.38618429242865776,0.07971996524683292,0.6052262877996497
5498,0.17801029947745453,0.6127447248998967,-0.10718132885786248,0.1932464391192162,0.36261842157041685,0.2155971567857802
5501,0.6419669174314151,1.3456970270325075,-0.4186438736507689,0.24129908815168874,0.08383929476547536,0.06339724154048737
5524,0.019737406835252404,1.3951321744524976,0.14105925337501524,0.5727760118995159,0.5113144176388972,0.8607556127676527
5535,0.21585398024095723,1.4082151372341511,0.5332793868186618,0.8267957911205727,0.5859574536843875,0.7170055609619129
5536,0.5173322087794502,1.6805028145802372,0.3304667203544465,0.4214313777708388,0.4320813008095416,0.5577776511032919
5553,0.17663777600885328,0.5621738133939842,0.07391274933965866,0.11879026519816206,0.19922062416893543,0.3880015175618326
5587,0.060073596105315,0.1873858508774597,0.004282602551005218,0.05194017835720257,0.3002140286218713,0.29639319801703096
5612,0.6882827106663006,0.7199165490489178,-0.00706972085626732,0.4204937113911008,0.7253346232795345,0.0030109939718678787
5636,0.030334162529638487,1.406007639332871,0.1153096410371476,0.471191014971948,0.4258100371957838,0.8448561963280341
5690,0.24677316539429486,0.37567356180399664,0.07849931653938567,0.06277913176985067,0.12981320234521923,0.02959037810132525
5698,0.18029087321718137,1.0739256665939363,0.10851418170460318,0.27391540965299593,0.31699519424201583,0.7574854998144975
5712,0.430816021821613,0.9641403476076331,-0.28077638377733644,0.6575094872469878,0.8041622065028945,0.0772587116079936
5737,0.9530543280312714,1.7842721274960243,-0.8097101937637133,0.41257233033223406,0.418565331573011,0.0380416105730474
5744,0.0764002786352833,0.25101810039756595,-0.007019989352955397,0.1545834727004493,0.6771429651143248,0.2835674233053592
5777,0.3568601038213431,0.9353291569865101,0.09187675433348623,0.14225511510870292,0.00602300817559831,0.32218580974322075
5789,0.6969433050073518,1.5383746149820625,0.14234306666379123,0.2772827782338213,0.2859307762584874,0.20204547424933728
5790,0.012801149975470334,0.468780290577939,0.07429884450790424,0.14954406334688009,0.3106375292779605,0.5256744801616309
5810,0.1088222167491742,0.6708268514820668,0.16626010992015935,0.24080834116575084,0.4695102157914875,0.6559971144488104
5826,0.24372606497137592,1.1102523746897648,0.058524109348510926,0.5484879792609205,0.6494394650204641,0.6250855816007322
5845,0.18501747321820258,2.29599615886212,-0.12590395101248578,0.7201923215081429,0.5396017493567513,0.6677236537378949
5848,0.19641910381961675,0.7380960877858421,-0.26056167251152124,0.20199558400872814,0.20460341562143655,0.15827287088555336
5852,0.31863020607937165,0.7485393939572303,0.029296699951784952,0.17859884102627788,0.32127801023130215,0.19350510085387926
5864,0.3980952714830967,0.5600784758488407,-0.0004013373318095675,0.1618885765869114,0.42355151673232166,0.01924525826467409
5879,0.08362422976504645,0.23377507235939227,-0.12202764634818332,0.13011118066560118,0.49691599838498146,0.06439537292672554
5902,0.3530599088597342,1.5826333691404098,0.27271193853738446,0.4855262117329368,0.48131855391852396,0.7759524359096706
5928,0.6171388404282088,2.2889680230148923,0.3115848090586724,0.8305213413000171,0.6042426016219045,0.6014623989370507
5947,0.2481036075963203,1.0403141502971776,-0.04092177431384838,0.44750728657495187,0.606711651039679,0.4671046926622047
5956,0.6682137405355774,1.21737212849886,-0.12817605007942112,0.432627147593782,0.6083656535076772,0.06819074990954402
5986,0.2021864348591009,0.9323039305945694,0.2994534379168665,0.5335842926971904,0.639244902385156,0.7908314497598107
6016,0.9874215620071444,1.4612146037020464,0.1685247109516794,0.46935038610261914,0.6037519834457923,0.03485551048951115
6028,0.28811622770188505,0.9571687369108024,0.2549665081339971,0.4397986104340268,0.6157979075092996,0.5494061520207849
6053,0.6797667993088795,1.3140248935470706,0.1035627959582479,0.25007695649917244,0.3019907998719111,0.1274650769893717
6063,0.27205441227904054,1.8896011081543522,-0.011751648203348295,0.4091625530940013,0.30286558002188846,0.6651476969731073
6064,1.4469380465334323,2.004639466441449,-0.21228719751192132,0.37575020798607767,0.4031500795671131,0.018457329842820492
6090,0.5522640845063043,1.939673591209843,0.010097450352651935,0.3931672389111299,0.3426103253283557,0.4258346320907551
6103,0.05399433609159489,0.15550549678469866,-0.07953051429302106,0.07975609900018518,0.43693254573372214,0.07289865849719604
6118,0.06327366702662827,2.0803491684690125,0.35993934653073756,0.4011298679005722,0.12863079352735077,0.9439549029048964
6144,0.10682777493587986,0.9611633075570863,0.3166179247774466,0.21877689671851516,0.19133490026911265,0.6792758246410854
6147,1.6575842454226926,2.3574830873119446,-0.13887875935565552,0.24849990063970065,0.004295833326019016,0.02138575986050481
6149,0.09616860471951227,0.2527711550547948,-0.02798698838408065,0.3339378815952339,0.8574887884307162,0.17466155707613407
6168,0.4377091176387324,1.2171443348576658,0.1315340044980926,0.37669706603862124,0.5162808295133238,0.3848612646920587
6226,0.07598819294416606,0.6783189113599429,0.08457555995109088,0.20441836178717795,0.345340649686604,0.6271866338450153
6259,0.587318113997542,2.3242397303565703,0.5029066523631219,0.6121626478926876,0.4590997325065697,0.7355537485934979
6270,0.02741246360182182,0.17874217314782456,0.04489641290627943,0.04053641121969969,0.08576167864611177,0.2501390318587807
6288,0.06841398839367038,0.20115762695381537,0.06828616341066333,0.048995407416356225,0.3294263193631413,0.16059186115427931
6299,0.10258099679213474,0.2407444350924313,-0.01890603296862106,0.05245241764400365,0.08698910093636422,0.16382239679561833
6308,0.07941464092627937,0.7918198215122134,0.053164867539663443,0.154947085840185,0.008940501255907344,0.6499495800139959
6378,0.15243604786584541,1.084669773892813,-2.624889827370109e-06,0.3870287118110174,0.4930986825548909,0.6664178497272752
6388,0.20756668096200964,1.7579989329177053,0.09183819711670786,0.4503983653521074,0.37191783839205067,0.7855881423829763
6406,0.8321594091920517,2.177723073162834,0.4051997415334334,0.8588179000815118,0.6387735771192211,0.3373239152196227
6417,0.6502778563330481,0.6414546676797103,-0.038855408036554365,0.2877570846818589,0.6101595872752624,0.0021180720964234603
6458,0.23925106620332465,1.5705965004011082,-0.05621340752674265,0.4487988629409262,0.4407969757358918,0.61420417453829
6462,0.05378508007613369,0.14950422315770592,-0.006910438276731102,0.07800555281199563,0.6204160691834489,0.24034905329596476
6487,0.2243423413488657,0.5212631146642933,-0.018788813156327536,0.2148742487757466,0.5674336683784309,0.13799763699663598
6520,0.061646812822280246,1.199630739874124,-0.16497287003449673,0.2469629690179649,0.055608323889224175,0.5767416561221269
6529,0.31570273154490286,2.2150471941566785,0.16709838203309382,0.3140025170083318,0.010122145549050998,0.7892597544080934
6592,0.3215439035387192,2.221201472468696,0.20041720173437494,0.3316120825617152,0.05984628450692485,0.809227713704101
6606,0.12573072377200464,1.3477169566445082,-0.13500467577412675,0.3815506073415619,0.37635025207721223,0.5948500136447255
6634,0.6031828992751967,1.1429377814994535,-0.7027506842483711,0.3766315810465491,0.4634366481426287,0.028945379413787838
6642,0.3397670061343806,1.0936004663206822,0.06745772327551347,0.19196821832125383,0.1154994269444745,0.4552156701051337
6710,0.6612795609618537,1.044945029695727,-0.0379995003211657,0.24362710115552838,0.3699726686809916,0.03888611178677274
6720,0.08538276529549547,1.6214849509131712,-0.2579347004771165,0.7019251243515506,0.6356425340914769,0.557839591858039
6740,0.09166942817062562,0.1569057455608889,0.017845254509259726,0.03131794279911431,0.2344759406373365,0.15350303444569208
6751,0.06304538032479799,0.3742934504155257,0.013552737235261103,0.09525493052793203,0.19118605817876297,0.4135978388329548
6759,0.33795521787184235,1.7795799619271966,0.357291734170711,0.7317450319597398,0.572795392120427,0.8945823777849307
6776,0.5557633952581673,1.2115447065021951,-0.1985149181508562,0.3084212003564164,0.40015402498548264,0.10724843880749407
6799,0.08913813128592808,0.341763553179149,0.060895191829384736,0.1262740116368877,0.5052788022900642,0.4521311333940973
6825,0.3836183694629369,1.4518299418300717,-0.44629102076460364,0.3052210640987971,0.20648276021420264,0.2013609144904037
6853,0.10548559810872235,0.45543038857361856,-0.16100480740409986,0.12581030005024754,0.10109543167692112,0.1429537066771844
6870,0.21622357954436916,1.0756347906069268,0.3144320418663021,0.48428375641067944,0.5719033984464934,0.8654229145739567
6893,0.022228954282802266,0.18017404320499977,0.00616021630093805,0.05165497917751035,0.21442043675576414,0.3348216264822825
6909,0.724113172333602,2.186884574067391,-0.00792032831405097,0.9120463807430552,0.7078389116752352,0.32713606606388895
6948,0.5988423539510004,1.469916880009804,-0.07905534754609034,0.5229092426664985,0.6189101015506568,0.1982335213804517
6969,1.1634772315506179,1.25687891457712,0.160756113670719,0.23524347233431608,0.2940738491962223,0.003051967364807609
6991,0.10694207510709136,2.2452930280196632,0.4820511400022554,0.40388366509387696,0.09856465034701858,0.9685799098726232
6992,0.26334720831550834,2.1118130108138193,0.3771237552461741,0.36747250634584927,0.14220213192080502,0.9472774839310092
7015,0.17608171460683056,2.3183795644396206,-0.4747263632056646,0.3488063251064996,0.002788581089109843,0.4693875018339872
7030,0.5803670191579612,2.343847521061438,-0.35317496822509487,0.38340935593713543,0.21738488045509227,0.3124166062202397
7042,0.49417635231046025,1.805049807281137,0.4403239101814915,0.2999881855187715,0.19004570338951746,0.6832125810229561
7059,0.34271275233466275,0.8980731641553981,0.21107918674476173,0.6184589993180513,0.7331592420107994,0.3201969995628891
7063,0.21939283003914045,1.6958458403735213,-0.5618913502490138,0.5865084708890731,0.5867705741854812,0.296027040616768
7065,0.39457985956109487,2.0143408048677425,0.21467890281135038,0.2917212387130585,0.046681910462151914,0.7455899519053382
7103,0.956858588275198,2.046443054671159,-0.23015975485468892,0.3492315211313767,0.2967922162144832,0.11067353721777974
7136,0.0984588579783515,0.8927947084987714,0.10567420443988505,0.18744392822911804,0.11236726423290148,0.7338357221459889
7199,0.3389362343694842,2.025830963977906,0.15902840530061435,0.6276817186435074,0.5108073937489592,0.7571181596606594
7201,0.07167625317165617,0.15203799137695329,-0.00016748849113586134,0.045155614213632386,0.3939634997045699,0.2065699664664238
7232,0.017765861895190926,0.05746363676348307,-0.0006864248529796142,0.01691468651356408,0.1319769849954897,0.056699032631010435
7240,0.2469849762170853,2.3327291399759176,-0.4667705673744535,0.6709394719069792,0.5512544669666085,0.4403987401411371
7284,0.8850255281160108,1.163775070735653,-0.012582927926254038,0.33962692431586744,0.5283053722095021,0.013763301199409118
7335,0.007615071425316034,0.2753268032566893,0.03940927811296219,0.09621102282108558,0.341811222811737,0.4087034305509089
7339,1.2347941453260771,1.7205496512831497,-0.4474454977249139,0.2629171656870545,0.11075099275541686,0.016898508889649708
7401,0.3493085067541842,1.7787514652247298,0.43521971149840166,0.255709641859319,0.015268086311789997,0.9322038072732568
7419,0.4797603710315459,1.941622745594657,-0.7345287450065429,0.8246466455864331,0.7717000444544438,0.16685363900984018
7424,0.20008831292653376,2.4470064710728816,0.2136157693045391,0.5344027957912229,0.3134213021629647,0.8680352954593689
7426,2.0616671620494493,2.3068321870561026,-0.001083921513857,0.42021080987890713,0.4457931275037658,0.004403283519552032
7433,0.5818176132618467,1.5922791656264084,0.6252678258152472,0.3436096540519685,0.33829695538393734,0.1478256183749202
7448,0.4411981744806173,1.2734012457518689,-0.2681842468657938,0.5542060506222678,0.6735718681202514,0.17731483570986378
7455,0.7407744099030906,1.1399123584594941,0.23048933253569712,0.1617529028242734,0.11078018951991199,0.044211268351437336
7462,0.32663044902081145,2.0536983531226274,-0.07897136998791156,0.33143990867398354,0.10585577118254356,0.592608579805535
7524,0.0785914719736951,0.17105195429486958,-0.014982532332950788,0.05412725543815854,0.38001563971987323,0.16875804948742576
7551,0.9720542190021664,1.618860117157923,-0.393246419081706,0.3673138757385508,0.4173882256760598,0.03618046449190292
7606,0.037553144806321444,0.34530873694301084,-0.0070306625643610735,0.16572930115022177,0.5380711060093235,0.3914896665585165
7624,0.19895294906829783,1.4997346820627928,0.03972667235755093,0.6823313276275665,0.625159834934183,0.7297485231905733
7628,0.1048226841173016,0.21578409985880315,0.03802982314403281,0.03833477127475935,0.1341286692045076,0.2254830841994816
7633,0.01081746649028714,0.4666862956639446,0.05429251159228479,0.659397933718285,0.8205128946918899,0.5245620794161996
7695,0.46139127112286354,1.2288748904082936,0.04890363255510575,0.25703056340936403,0.29845561533300574,0.30844023330802384
7721,0.20607820282566003,1.0897117697170704,0.2944876267649618,0.18696691451950737,0.0656748688375327,0.8699556844322075
7779,0.8388029953601689,1.7504374269161687,-0.14908989645562393,0.88238111640032,0.7800329746773398,0.11521571770202192
7780,0.8483827667502051,1.4180048199836304,-0.5736429006222474,0.3010047627376311,0.2557031725805189,0.02819717496483828
7872,0.09972576672638757,1.085809739226962,0.16357784246330728,0.24563325404444677,0.18883720186733896,0.8325990872660235
7933,0.0521908077700548,1.0399208953972998,0.14559718414306064,0.34550239483593187,0.39936659030226335,0.8159523277578286
8035,0.44511593731526594,1.4371157375933874,0.01001538558576476,0.2239250922020825,0.060397004691541446,0.3965099781602464
8078,0.18274056028711314,1.7556126065748614,-0.14289233849493857,0.7573254112833089,0.645279818532271,0.6085088752623962
8104,0.26553497407645915,1.9263727438119003,0.2537782780698393,0.92157984749904,0.6270336239860611,0.8803936579499712
8129,0.12717904089817297,0.45246704553078126,-0.024318327468370707,0.23458046102848973,0.6235934273207299,0.2709277092888817
8186,0.06435561496965116,0.20186615659019747,-0.018128966928512697,0.04928130295149748,0.13526426520281354,0.24058469403466745
8216,0.24169405148798925,0.4783261779692507,0.0076318089294549205,0.2824561739070546,0.7117418155803277,0.09489697690920854
8230,0.060296698840796,0.2167607609914714,-0.04483137454883846,0.3295700588977328,0.8662447532713902,0.18954347627326928
8257,0.580215462535346,1.2642981666434137,0.4096180523020933,0.6731369950200552,0.6667529976837445,0.15022395718241938
8260,1.4342035987322268,1.5963160146143869,0.07664529839318499,0.23145006671169108,0.15851772025228014,0.004006252573526704
8322,0.2734004098955353,0.8277524427963595,0.1111300257810078,0.24236837540350312,0.4463364757165636,0.41671430609054
8429,0.5037898044937633,1.216323300382194,-0.001308740100918582,0.6132637122615188,0.7123677502949225,0.22190184313681685
8437,0.012449371010102343,1.1484981567432748,-0.006998986964172228,0.6088774061790586,0.621394492019533,0.7501179069839227
8445,0.033669851468137446,0.7898787085713649,0.11592486707913377,0.4284850087035162,0.59505555946488,0.7046847321858767
8473,0.7592412319589242,2.0010506269634907,0.047476435236475344,0.39974952032731864,0.38315390144704103,0.2705775830158791
8474,0.1726520160969328,0.5464096238640083,0.00670079170449278,0.2839231604655976,0.6486311037617184,0.2890206155081312
8608,0.28471263641178274,1.1125012932616078,0.14544488252033408,0.46355382435285253,0.5926307848612689,0.6425853605351749
8615,0.09078825343869566,1.0483411396371876,0.03928685182469672,0.682534020905458,0.695509214157935,0.7448138523451958
8626,0.6959309326433537,1.5806764456000335,0.025061692704746005,0.9658314787340408,0.7841274547820187,0.19010934038045949
8675,0.16696681239503433,0.7157491529962959,-0.0028324976170523214,0.9448191198677267,0.8604299365631305,0.43580030946387904
8680,0.3009368978706278,0.6269232308987567,0.011523462165322974,0.5153573433226554,0.7993228372317579,0.11098760959466564
8696,0.06398433871144961,0.600153890523773,0.022080845894998646,0.3477107021242606,0.6396474664695211,0.5263518984550261
8718,0.17542659952466766,1.9286015741503777,-0.044525745856649514,0.7621586678333179,0.6028647279905619,0.7029229321663938
8721,0.2347691172994502,0.9953217872517542,0.26805416566971724,0.42145485237946484,0.5698021103356751,0.7736047987644421
8787,0.19683112927250518,2.3541631761161197,-0.16324422830546306,0.4298392604766886,0.2074629545913354,0.6442356240104808
8792,0.9464136617197596,1.8186244970296461,-0.2404633204142925,0.3599910381451218,0.3723302445904718,0.07656179802697625
8837,0.15756536222567227,1.4599972646262802,-0.1050409066286519,0.3539637126313143,0.2958764213138571,0.6193883342180236
8841,0.22824071499941564,0.8054420603926572,-0.007246502616115035,0.15802155176602606,0.10333571599543222,0.3750672881379377
8851,0.08692882122695278,0.8077007347517056,0.14634894370316423,0.9573906201801771,0.7871463194813583,0.7193629894603323
8929,0.43205587330052364,1.8230544701010556,0.3356219654802715,0.2745822942277583,0.091462220189921,0.7584861065975131
8950,1.3486745349665068,2.1373975883973917,0.009899023457393687,0.2830084089110529,0.18366590145778355,0.0419024254742229
8957,0.04186603199750149,0.07527614074307111,-0.006384803239646074,0.014549090086291187,0.005975855846183542,0.07028676088608547
8970,0.5048849946062849,1.2189514584721892,-0.29567862195700384,0.24359127064850888,0.16865669464949273,0.1105689397531698
8989,0.3247306326975179,0.8138067871631662,-0.09229180324868123,0.6452373731845349,0.8068647026607514,0.15801306305670826
9011,0.0524021816468614,0.2891138046895,-0.003674000551583623,0.0929164139438785,0.3358378708884175,0.3545859928740946
9017,0.7954781957331326,1.4137212624692275,-0.459029844794085,0.35664734264872233,0.4193709195097304,0.0384843602794709
9023,0.14501030216681315,0.41793702140528305,0.15761589166753495,0.08533549575826409,0.2519323866682726,0.11063515732514488
9068,0.2968872641765278,1.5002844778050541,0.16578906829519494,0.6492089809278636,0.6092145814406701,0.750166571264938
9080,0.3881408595583014,1.3136573424570204,0.13823795746985446,0.6891199426506488,0.6871495919056378,0.5268924146577706
9116,0.6250518379846878,1.7150680565941907,0.5306904857932578,0.328165462622347,0.30966276012354865,0.3321222030940039
9130,0.8347621562806677,2.2445625873810524,0.44935827116883353,0.9178010013938178,0.6412247015665093,0.3619595816761613
9131,0.07203723629087988,0.5523158812585232,0.06390873070668236,0.20218440709770652,0.451180487717988,0.5522183895547671
9161,0.18534472737123553,1.0440654437154817,0.10147013124950366,0.22081492383999674,0.18700341319615632,0.7356654765250072
9162,0.34301804469586755,0.6949961759802736,-0.006291138700757314,0.1363573403065863,0.1548288551248547,0.10841463055709084
9186,0.6746152714144672,2.1179452488836996,0.21836950808358868,0.9905560445552574,0.6940400878043901,0.4453606921597668
9194,0.18687462279652126,0.5041791885245327,0.085828248189697,0.09461730508523147,0.1437074945482206,0.3069992556068492
9199,0.30277318604097503,0.8381164937510801,-0.07813975591909408,0.27182837112549857,0.4694550696182923,0.20395033011104607
9214,0.5483518042855734,1.5955266659763796,0.32648692785367955,0.2641611510729438,0.20482290135115952,0.4574743545839865
9231,0.13609876417757508,1.034258798110841,0.12029498856620079,0.41693424342313534,0.5320735079234823,0.7859192583140205
9250,0.06476487487127981,0.5450270619582651,-0.004439151036119914,0.5983975033491791,0.8094273308328657,0.4601682235050429
9390,0.1491558065992466,1.1651016586668574,0.07037765776818193,0.2713670287707317,0.24037429874394275,0.7610736635834149
9398,0.4109824505488573,1.8673465893596126,0.6039803841413051,0.5360398406001001,0.4255301879817876,0.9159389023932878
9413,0.7497732461117725,1.6541706850792368,-0.21552545360964348,0.5162008634779104,0.5971167882341216,0.1231474030621131
9448,0.1399544746872294,0.8477260194778181,-0.03378600267386212,0.1933098898849266,0.16702380697547187,0.5204251341394439
9468,0.1679953353367411,0.5498422977948965,0.10872619010524784,0.37961980715379956,0.7299420072218109,0.4563024142127203
9480,0.20783517878098934,1.4403705705955352,0.2781617886936942,0.23485996173864304,0.02208072195922174,0.9103030150150376
9545,0.17277841510627437,0.9097952346263868,-0.3022084363207397,0.20452041960502879,0.05612038035159509,0.22903234133798345
9600,0.21238157892923232,1.6027996647864606,-0.3775969881012215,0.7691153825887667,0.717482816142647,0.38488308658503306
9628,0.5141587914199446,0.5255658102963848,-0.01760588361279947,0.2007533204789597,0.5259525177851828,0.0024949390479457626
9632,0.8665058131033097,1.8497253314368964,0.4600592966866789,0.4149422394220432,0.4415598336366744,0.17629968928539472
9639,0.2786153232561969,1.1060241304804515,-0.3556127642155786,0.4284842408129966,0.5641844151834896,0.1956337890427605
9676,0.9264893933164164,1.9014088937574913,0.2465406105713853,0.22991476269406905,0.06095623568887683,0.15772009429071887
9689,0.411143254880898,1.0521001131127985,0.08909818595396139,0.2562574960480698,0.38362663127736213,0.3117280613117825
9703,0.12646105349994202,0.9613446969019889,0.27028991342827174,0.16924235024022688,0.015044568304342754,0.7816298945441379
9714,0.21120195288399476,1.0940424974138216,0.4252692254923112,0.4659995562395355,0.5286631414995924,0.6217358884179093
9784,0.2071987104731433,0.8399563928303946,-0.13860889887300665,0.21779509524253296,0.26336008648971854,0.28035562192458874
9829,0.37225230373243784,1.1213189317842873,-0.2293529502728121,0.23318085978170552,0.16707711520101737,0.19968206147615966
9846,0.06311673303681074,1.8638734426794927,-0.008750149821026301,0.33853645051764064,0.07876409499673867,0.7749599016261659
9859,0.346776904789242,1.1811707259251423,-0.08293086247642868,0.32720799841606996,0.42136194213846095,0.3469711945991689
9862,0.5048737175414144,1.394301926914653,0.04799902614774428,0.385296392845036,0.48138234500768795,0.32413957243843183
9866,0.09456766767458095,1.6467296950579418,0.006739878819824737,0.4053944056858036,0.3022785770298381,0.7694857867988568
9907,0.08879269130529611,0.9026833921072069,-0.02608280112449986,0.5765339736958094,0.6962085360053255,0.6256382520588213
9943,0.0938306163778354,2.1638534967295304,0.07507027969187743,0.3811770424322567,0.10559311222022998,0.8211045077993738
